1	0	5	2020
1	1	5	2020
1	2	5	2020
1	3	5	2020
2	4	5	2018
2	5	5	2018
2	6	5	2018
2	7	5	2018
2	8	5	2018
2	9	5	2018
3	4	5	2011
3	10	5	2011
3	11	5	2011
3	12	5	2011
3	13	5	2011
3	5	5	2011
3	0	5	2011
4	14	5	2010
4	15	5	2010
4	16	5	2010
4	17	5	2010
5	18	5	2019
5	1	5	2019
5	0	5	2019
5	3	5	2019
5	19	5	2019
5	16	5	2019
5	20	5	2019
5	21	5	2019
6	22	5	2019
6	18	5	2019
6	20	5	2019
6	22	5	2019
6	3	5	2019
6	1	5	2019
6	0	5	2019
7	23	5	2017
7	4	5	2017
7	5	5	2017
7	7	5	2017
8	24	5	2019
8	7	5	2019
8	25	5	2019
8	26	5	2019
8	8	5	2019
8	27	5	2019
8	14	5	2019
9	4	5	2017
9	6	5	2017
9	28	5	2017
9	5	5	2017
9	29	5	2017
9	7	5	2017
10	5	5	2022
10	7	5	2022
10	30	5	2022
10	14	5	2022
10	31	5	2022
10	15	5	2022
11	23	5	2018
11	11	5	2018
11	33	5	2018
11	34	5	2018
12	24	5	2018
12	28	5	2018
12	30	5	2018
12	35	5	2018
13	16	5	2018
13	19	5	2018
13	1	5	2018
13	0	5	2018
13	3	5	2018
14	16	5	2019
14	19	5	2019
14	36	5	2019
16	14	5	2020
16	15	5	2020
16	16	5	2020
16	37	5	2020
18	4	5	2013
18	13	5	2013
18	12	5	2013
18	5	5	2013
18	0	5	2013
18	30	5	2013
19	4	5	2020
19	5	5	2020
19	1	5	2020
19	38	5	2020
19	29	5	2020
19	7	5	2020
19	39	5	2020
20	16	5	2019
20	19	5	2019
20	1	5	2019
20	0	5	2019
20	3	5	2019
21	23	5	2017
21	4	5	2017
21	6	5	2017
21	7	5	2017
21	40	5	2017
22	24	5	2020
22	8	5	2020
22	14	5	2020
22	41	5	2020
22	36	5	2020
22	31	5	2020
23	23	5	2018
23	5	5	2018
23	28	5	2018
23	42	5	2018
23	7	5	2018
23	39	5	2018
24	23	5	2016
24	43	5	2016
24	24	5	2016
24	5	5	2016
24	30	5	2016
24	3	5	2016
25	5	5	2009
25	12	5	2009
25	11	5	2009
25	44	5	2009
25	4	5	2009
26	45	5	2017
26	5	5	2017
26	46	5	2017
26	47	5	2017
26	48	5	2017
26	49	5	2017
26	50	5	2017
27	23	5	2019
27	51	5	2019
27	4	5	2019
27	5	5	2019
27	47	5	2019
27	52	5	2019
27	53	5	2019
27	54	5	2019
27	55	5	2019
28	52	5	2021
28	56	5	2021
28	57	5	2021
28	58	5	2021
29	60	5	2018
29	5	5	2018
29	47	5	2018
29	61	5	2018
29	48	5	2018
29	62	5	2018
30	45	5	2018
30	5	5	2018
30	46	5	2018
30	47	5	2018
30	50	5	2018
30	52	5	2018
30	56	5	2018
30	57	5	2018
31	45	5	2020
31	63	5	2020
31	64	5	2020
31	52	5	2020
31	56	5	2020
31	57	5	2020
31	65	5	2020
31	66	5	2020
31	67	5	2020
31	68	5	2020
32	23	5	2019
32	51	5	2019
32	4	5	2019
32	5	5	2019
32	47	5	2019
32	52	5	2019
32	53	5	2019
32	69	5	2019
33	0	5	2018
33	5	5	2018
33	70	5	2018
34	23	5	2018
34	52	5	2018
34	56	5	2018
34	71	5	2018
35	23	5	2017
35	51	5	2017
35	4	5	2017
35	5	5	2017
35	47	5	2017
35	52	5	2017
35	53	5	2017
36	60	5	2015
36	72	5	2015
36	73	5	2015
36	47	5	2015
36	48	5	2015
37	5	5	2019
37	52	5	2019
37	56	5	2019
37	57	5	2019
37	66	5	2019
39	23	5	2019
39	5	5	2019
39	47	5	2019
39	52	5	2019
39	54	5	2019
39	55	5	2019
39	74	5	2019
41	23	5	2016
41	5	5	2016
41	30	5	2016
41	46	5	2016
41	47	5	2016
41	61	5	2016
42	45	5	2019
42	5	5	2019
42	47	5	2019
42	50	5	2019
42	52	5	2019
42	75	5	2019
42	57	5	2019
42	67	5	2019
43	76	5	2017
43	77	5	2017
43	78	5	2017
43	79	5	2017
43	80	5	2017
44	47	5	2022
44	52	5	2022
44	53	5	2022
44	55	5	2022
44	81	5	2022
44	82	5	2022
44	83	5	2022
44	57	5	2022
45	23	5	2019
45	5	5	2019
45	7	5	2019
45	47	5	2019
45	52	5	2019
45	56	5	2019
45	57	5	2019
45	65	5	2019
46	5	5	2018
46	84	5	2018
46	50	5	2018
46	85	5	2018
46	86	5	2018
46	42	5	2018
47	76	5	2016
47	63	5	2016
47	87	5	2016
47	78	5	2016
48	76	5	2016
48	63	5	2016
48	88	5	2016
48	89	5	2016
48	77	5	2016
48	78	5	2016
48	79	5	2016
48	90	5	2016
49	5	5	2016
49	91	5	2016
49	92	5	2016
49	86	5	2016
50	63	5	2019
50	93	5	2019
50	86	5	2019
50	94	5	2019
50	95	5	2019
50	96	5	2019
50	8	5	2019
50	97	5	2019
51	44	5	2019
51	92	5	2019
51	91	5	2019
51	86	5	2019
51	96	5	2019
51	98	5	2019
52	44	5	2019
52	92	5	2019
52	91	5	2019
52	86	5	2019
52	96	5	2019
53	63	5	2019
53	5	5	2019
53	94	5	2019
53	86	5	2019
53	99	5	2019
54	91	5	2019
54	86	5	2019
54	100	5	2019
54	96	5	2019
54	92	5	2019
54	77	5	2019
55	96	5	2018
55	86	5	2018
55	100	5	2018
55	91	5	2018
55	92	5	2018
55	77	5	2018
56	92	5	2017
56	101	5	2017
56	77	5	2017
56	102	5	2017
56	103	5	2017
57	76	5	2019
57	63	5	2019
57	103	5	2019
57	93	5	2019
57	101	5	2019
57	64	5	2019
66	92	5	2017
66	101	5	2017
66	77	5	2017
66	102	5	2017
66	93	5	2017
67	5	5	2021
67	104	5	2021
67	105	5	2021
67	7	5	2021
67	106	5	2021
67	107	5	2021
67	108	5	2021
68	7	5	2022
68	80	5	2022
68	15	5	2022
68	56	5	2022
68	52	5	2022
68	110	5	2022
68	57	5	2022
68	111	5	2022
69	23	5	2021
69	52	5	2021
70	52	5	2021
70	113	5	2021
70	58	5	2021
70	114	5	2021
70	115	5	2021
71	52	5	2021
71	53	5	2021
71	55	5	2021
71	82	5	2021
71	116	5	2021
72	47	5	2022
72	53	5	2022
72	118	5	2022
72	48	5	2022
72	57	5	2022
73	119	5	2021
73	40	5	2021
73	7	5	2021
73	33	5	2021
73	3	5	2021
73	120	5	2021
73	121	5	2021
73	14	5	2021
73	122	5	2021
74	5	5	2020
74	30	5	2020
74	53	5	2020
74	57	5	2020
74	125	5	2020
74	126	5	2020
74	127	5	2020
74	128	5	2020
75	5	5	2022
75	63	5	2022
75	52	5	2022
75	57	5	2022
75	65	5	2022
75	67	5	2022
75	68	5	2022
77	79	5	2021
77	129	5	2021
78	23	5	2021
78	51	5	2021
78	4	5	2021
78	5	5	2021
78	47	5	2021
78	52	5	2021
78	53	5	2021
78	54	5	2021
78	55	5	2021
78	131	5	2021
79	5	5	2020
79	29	5	2020
79	52	5	2020
79	53	5	2020
79	94	5	2020
79	127	5	2020
80	52	5	2022
80	53	5	2022
80	56	5	2022
80	57	5	2022
80	65	5	2022
81	57	5	2022
81	65	5	2022
83	52	5	2021
83	134	5	2021
83	95	5	2021
83	93	5	2021
83	127	5	2021
84	135	5	2022
84	44	5	2022
85	5	5	2022
85	52	5	2022
85	7	5	2022
85	57	5	2022
86	44	5	2022
86	136	5	2022
86	78	5	2022
86	52	5	2022
86	56	5	2022
86	106	5	2022
86	110	5	2022
87	57	5	2021
87	52	5	2021
87	65	5	2021
87	125	5	2021
88	5	5	2022
88	7	5	2022
88	79	5	2022
88	52	5	2022
88	56	5	2022
88	53	5	2022
88	57	5	2022
88	65	5	2022
88	127	5	2022
88	139	5	2022
88	140	5	2022
88	55	5	2022
88	141	5	2022
89	143	5	2022
89	144	5	2022
90	47	5	2022
90	52	5	2022
91	47	5	2022
91	52	5	2022
91	53	5	2022
91	54	5	2022
91	55	5	2022
91	131	5	2022
91	146	5	2022
92	148	5	2022
92	52	5	2022
92	57	5	2022
92	55	5	2022
92	83	5	2022
93	73	5	2021
93	44	5	2021
93	20	5	2021
93	0	5	2021
93	2	5	2021
93	36	5	2021
93	21	5	2021
93	52	5	2021
93	57	5	2021
93	65	5	2021
93	69	5	2021
94	23	5	2021
94	5	5	2021
94	7	5	2021
94	86	5	2021
94	150	5	2021
94	95	5	2021
94	129	5	2021
95	23	5	2020
95	5	5	2020
95	4	5	2020
95	7	5	2020
95	151	5	2020
95	52	5	2020
95	152	5	2020
95	53	5	2020
95	54	5	2020
95	55	5	2020
95	153	5	2020
96	24	5	2022
96	86	5	2022
96	154	5	2022
96	97	5	2022
96	155	5	2022
97	52	5	2021
97	157	5	2021
99	52	5	2021
99	65	5	2021
99	158	5	2021
101	24	5	2021
101	86	5	2021
101	97	5	2021
102	23	5	2020
102	5	5	2020
102	7	5	2020
102	52	5	2020
102	57	5	2020
102	74	5	2020
102	68	5	2020
102	138	5	2020
104	23	5	2020
104	52	5	2020
104	56	5	2020
104	71	5	2020
106	28	5	2021
106	159	5	2021
106	160	5	2021
106	161	5	2021
106	162	5	2021
108	5	5	2021
108	11	5	2021
108	2	5	2021
108	164	5	2021
108	34	5	2021
108	165	5	2021
108	166	5	2021
108	14	5	2021
108	15	5	2021
108	167	5	2021
113	7	5	2020
113	159	5	2020
113	161	5	2020
113	15	5	2020
114	5	5	2021
114	15	5	2021
114	57	5	2021
115	51	5	2020
115	4	5	2020
115	47	5	2020
115	52	5	2020
115	53	5	2020
115	54	5	2020
115	145	5	2020
115	55	5	2020
115	170	5	2020
117	7	5	2021
117	26	5	2021
117	8	5	2021
117	14	5	2021
118	159	5	2020
118	171	5	2020
118	14	5	2020
118	41	5	2020
118	161	5	2020
118	172	5	2020
119	5	5	2020
119	160	5	2020
119	14	5	2020
120	29	5	2021
120	7	5	2021
121	173	5	2020
121	5	5	2020
121	174	5	2020
121	175	5	2020
121	176	5	2020
121	15	5	2020
122	177	5	2020
122	178	5	2020
122	179	5	2020
123	24	5	2020
123	84	5	2020
123	14	5	2020
124	23	5	2021
124	5	5	2021
125	52	5	2020
125	56	5	2020
125	166	5	2020
126	181	5	2021
126	5	5	2021
126	174	5	2021
126	176	5	2021
126	182	5	2021
126	15	5	2021
128	5	5	2020
128	7	5	2020
128	159	5	2020
128	14	5	2020
128	184	5	2020
128	122	5	2020
128	14	5	2020
128	185	5	2020
128	142	5	2020
132	5	5	2021
132	7	5	2021
132	8	5	2021
132	26	5	2021
132	14	5	2021
133	24	5	2020
133	186	5	2020
133	92	5	2020
133	93	5	2020
133	103	5	2020
133	126	5	2020
133	79	5	2020
134	5	5	2021
134	7	5	2021
135	24	5	2020
135	7	5	2020
135	14	5	2020
135	187	5	2020
135	176	5	2020
135	188	5	2020
136	7	5	2021
136	188	5	2021
136	189	5	2021
138	23	5	2021
138	4	5	2021
138	3	5	2021
138	5	5	2021
138	29	5	2021
138	28	5	2021
138	7	5	2021
139	44	5	2021
139	93	5	2021
139	25	5	2021
139	14	5	2021
142	76	5	2021
142	63	5	2021
142	64	5	2021
142	79	5	2021
142	78	5	2021
142	80	5	2021
142	110	5	2021
143	23	5	2021
143	7	5	2021
143	5	5	2021
143	188	5	2021
143	189	5	2021
144	5	5	2021
144	34	5	2021
144	193	5	2021
144	194	5	2021
144	195	5	2021
144	196	5	2021
144	14	5	2021
144	191	5	2021
144	15	5	2021
145	5	5	2020
145	18	5	2020
145	34	5	2020
146	44	5	2021
146	7	5	2021
146	79	5	2021
147	66	5	2021
147	57	5	2021
147	198	5	2021
147	140	5	2021
147	8	5	2021
148	4	5	2021
148	52	5	2021
148	55	5	2021
148	82	5	2021
148	146	5	2021
148	152	5	2021
150	24	5	2020
150	15	5	2020
150	63	5	2020
150	93	5	2020
150	90	5	2020
150	192	5	2020
151	24	5	2021
151	40	5	2021
151	160	5	2021
151	8	5	2021
151	27	5	2021
151	14	5	2021
151	191	5	2021
152	15	5	2021
152	14	5	2021
152	27	5	2021
153	119	5	2021
153	40	5	2021
153	7	5	2021
153	33	5	2021
153	3	5	2021
153	202	5	2021
153	120	5	2021
153	121	5	2021
153	14	5	2021
153	122	5	2021
153	123	5	2021
153	14	5	2021
154	80	5	2021
154	15	5	2021
154	56	5	2021
154	52	5	2021
154	110	5	2021
154	112	5	2021
155	24	5	2021
155	7	5	2021
155	25	5	2021
155	26	5	2021
155	8	5	2021
155	27	5	2021
155	16	5	2021
155	37	5	2021
155	14	5	2021
156	7	5	2021
156	15	5	2021
156	34	5	2021
156	165	5	2021
156	94	5	2021
156	99	5	2021
159	11	5	2022
159	2	5	2022
159	164	5	2022
159	34	5	2022
159	165	5	2022
159	166	5	2022
159	14	5	2022
159	15	5	2022
160	5	5	2022
160	1	5	2022
161	204	5	2021
161	24	5	2021
161	14	5	2021
161	15	5	2021
162	23	5	2022
162	4	5	2022
162	47	5	2022
162	52	5	2022
162	53	5	2022
162	54	5	2022
162	55	5	2022
162	143	5	2022
163	24	5	2021
163	14	5	2021
163	191	5	2021
163	15	5	2021
163	16	5	2021
164	47	5	2021
164	61	5	2021
164	52	5	2021
164	53	5	2021
164	57	5	2021
164	54	5	2021
164	55	5	2021
164	74	5	2021
165	1	5	2020
165	5	5	2020
165	15	5	2020
165	174	5	2020
166	5	5	2020
166	7	5	2020
166	15	5	2020
166	57	5	2020
167	43	5	2021
167	194	5	2021
167	159	5	2021
167	206	5	2021
167	64	5	2021
167	159	5	2021
168	24	5	2020
168	5	5	2020
168	7	5	2020
168	201	5	2020
168	14	5	2020
169	5	5	2020
169	84	5	2020
169	207	5	2020
170	24	5	2021
170	46	5	2021
170	47	5	2021
170	52	5	2021
170	56	5	2021
170	15	5	2021
170	14	5	2021
171	23	5	2020
171	93	5	2020
171	56	5	2020
171	52	5	2020
172	5	5	2021
172	165	5	2021
172	208	5	2021
172	63	5	2021
172	73	5	2021
172	181	5	2021
173	23	5	2021
173	5	5	2021
173	2	5	2021
173	209	5	2021
173	14	5	2021
173	191	5	2021
174	119	5	2022
174	7	5	2022
174	8	5	2022
174	27	5	2022
174	14	5	2022
174	121	5	2022
174	15	5	2022
174	210	5	2022
174	31	5	2022
174	139	5	2022
174	182	5	2022
174	183	5	2022
175	5	5	2022
175	27	5	2022
175	14	5	2022
175	15	5	2022
175	32	5	2022
175	141	5	2022
175	122	5	2022
175	142	5	2022
175	124	5	2022
176	52	5	2021
176	56	5	2021
176	57	5	2021
176	125	5	2021
176	82	5	2021
177	15	5	2022
177	129	5	2022
177	182	5	2022
178	24	5	2022
178	7	5	2022
178	14	5	2022
178	15	5	2022
179	5	5	2021
179	56	5	2021
179	57	5	2021
180	5	5	2022
180	73	5	2022
180	7	5	2022
180	34	5	2022
180	164	5	2022
180	165	5	2022
180	166	5	2022
180	208	5	2022
180	14	5	2022
180	15	5	2022
181	65	5	2022
181	15	5	2022
181	142	5	2022
183	11	5	2021
183	5	5	2021
183	47	5	2021
183	49	5	2021
183	214	5	2021
184	173	5	2021
184	23	5	2021
184	4	5	2021
184	216	5	2021
184	5	5	2021
184	28	5	2021
184	30	5	2021
185	14	5	2021
185	16	5	2021
185	193	5	2021
186	194	5	2021
186	195	5	2021
186	196	5	2021
186	218	5	2021
186	219	5	2021
187	5	5	2021
187	38	5	2021
187	7	5	2021
187	177	5	2021
187	184	5	2021
187	122	5	2021
188	160	5	2021
188	159	5	2021
188	161	5	2021
188	185	5	2021
188	122	5	2021
189	27	5	2021
189	199	5	2021
189	72	5	2021
189	8	5	2021
190	76	5	2021
190	5	5	2021
190	55	5	2021
190	146	5	2021
190	181	5	2021
191	220	5	2021
191	104	5	2021
191	221	5	2021
191	222	5	2021
191	223	5	2021
191	224	5	2021
193	5	5	2021
193	11	5	2021
193	14	5	2021
193	191	5	2021
194	15	5	2021
194	226	5	2021
194	211	5	2021
195	7	5	2022
195	35	5	2022
195	14	5	2022
195	99	5	2022
195	228	5	2022
195	181	5	2022
195	11	5	2022
195	34	5	2022
196	52	5	2021
196	56	5	2021
197	7	5	2022
197	14	5	2022
197	15	5	2022
197	175	5	2022
197	95	5	2022
197	229	5	2022
197	36	5	2022
197	31	5	2022
198	230	5	2021
198	177	5	2021
199	5	5	2022
199	15	5	2022
199	34	5	2022
199	166	5	2022
199	50	5	2022
199	56	5	2022
199	57	5	2022
200	28	5	2021
200	160	5	2021
200	159	5	2021
200	161	5	2021
200	185	5	2021
200	129	5	2021
201	7	5	2021
201	84	5	2021
202	5	5	2020
202	27	5	2020
202	161	5	2020
202	14	5	2020
202	232	5	2020
202	15	5	2020
202	31	5	2020
202	233	5	2020
203	5	5	2021
203	201	5	2021
203	15	5	2021
203	211	5	2021
203	234	5	2021
203	227	5	2021
204	159	5	2021
204	235	5	2021
204	227	5	2021
205	5	5	2021
205	15	5	2021
205	57	5	2021
206	93	5	2022
206	8	5	2022
206	181	5	2022
207	23	5	2022
207	70	5	2022
209	5	5	2021
209	14	5	2021
209	15	5	2021
209	168	5	2021
210	7	5	2022
210	14	5	2022
210	195	5	2022
210	31	5	2022
210	236	5	2022
210	237	5	2022
211	24	5	2021
211	40	5	2021
211	8	5	2021
211	14	5	2021
211	191	5	2021
211	31	5	2021
212	5	5	2022
212	15	5	2022
212	237	5	2022
212	84	5	2022
212	171	5	2022
213	5	5	2022
213	16	5	2022
213	238	5	2022
214	63	5	2022
214	93	5	2022
214	65	5	2022
214	52	5	2022
214	227	5	2022
215	28	5	2021
215	160	5	2021
217	5	5	2021
217	63	5	2021
217	7	5	2021
217	14	5	2021
217	15	5	2021
217	141	5	2021
217	129	5	2021
217	228	5	2021
217	95	5	2021
222	7	5	2021
222	26	5	2021
222	8	5	2021
222	14	5	2021
223	135	5	2021
223	90	5	2021
223	241	5	2021
224	7	5	2021
224	27	5	2021
224	8	5	2021
224	14	5	2021
225	129	5	2020
225	130	5	2020
225	7	5	2020
225	95	5	2020
225	24	5	2020
225	79	5	2020
225	4	5	2020
225	10	5	2020
226	5	5	2021
226	174	5	2021
226	14	5	2021
226	176	5	2021
226	32	5	2021
228	8	5	2021
228	27	5	2021
228	14	5	2021
228	36	5	2021
228	31	5	2021
230	34	5	2022
230	5	5	2022
230	14	5	2022
230	151	5	2022
230	242	5	2022
231	23	5	2022
231	4	5	2022
231	47	5	2022
231	52	5	2022
231	53	5	2022
231	55	5	2022
233	11	5	2022
233	2	5	2022
233	164	5	2022
233	34	5	2022
233	165	5	2022
233	166	5	2022
233	14	5	2022
233	15	5	2022
234	5	5	2022
234	213	5	2022
234	3	5	2022
234	14	5	2022
234	31	5	2022
234	15	5	2022
235	23	5	2022
235	52	5	2022
235	57	5	2022
235	113	5	2022
235	74	5	2022
235	138	5	2022
239	5	5	2022
239	20	5	2022
239	245	5	2022
239	246	5	2022
239	15	5	2022
240	194	5	2022
240	196	5	2022
240	195	5	2022
240	160	5	2022
240	159	5	2022
240	129	5	2022
240	140	5	2022
240	185	5	2022
241	23	5	2022
241	24	5	2022
241	7	5	2022
241	15	5	2022
241	20	5	2022
242	236	5	2021
242	31	5	2021
243	15	5	2022
243	32	5	2022
245	4	5	2022
245	5	5	2022
245	7	5	2022
245	15	5	2022
245	247	5	2022
245	151	5	2022
245	52	5	2022
245	248	5	2022
245	35	5	2022
246	23	5	2022
246	51	5	2022
246	47	5	2022
246	251	5	2022
246	148	5	2022
246	53	5	2022
246	54	5	2022
246	145	5	2022
246	252	5	2022
246	55	5	2022
246	74	5	2022
246	143	5	2022
247	7	5	2022
247	3	5	2022
247	14	5	2022
248	119	5	2022
248	40	5	2022
248	33	5	2022
248	121	5	2022
248	14	5	2022
248	31	5	2022
248	97	5	2022
248	122	5	2022
248	123	5	2022
248	124	5	2022
248	14	5	2022
250	5	5	2022
250	93	5	2022
250	52	5	2022
250	57	5	2022
251	73	5	2022
251	44	5	2022
251	186	5	2022
251	33	5	2022
251	77	5	2022
251	40	5	2022
251	8	5	2022
251	27	5	2022
252	194	5	2022
252	196	5	2022
252	195	5	2022
252	5	5	2022
252	7	5	2022
252	14	5	2022
252	15	5	2022
252	8	5	2022
253	23	5	2022
253	52	5	2022
253	58	5	2022
254	23	5	2022
254	5	5	2022
254	42	5	2022
254	7	5	2022
254	7	5	2022
254	27	5	2022
255	1	5	2021
255	253	5	2021
255	7	5	2021
255	254	5	2021
255	15	5	2021
255	241	5	2021
256	5	5	2021
256	38	5	2021
256	7	5	2021
256	193	5	2021
256	15	5	2021
256	177	5	2021
256	184	5	2021
256	122	5	2021
256	124	5	2021
258	29	5	2021
258	7	5	2021
258	3	5	2021
259	5	5	2021
259	63	5	2021
259	93	5	2021
259	30	5	2021
259	86	5	2021
259	15	5	2021
260	7	5	2022
260	238	5	2022
261	24	5	2022
261	33	5	2022
261	7	5	2022
263	23	5	2021
263	5	5	2021
263	47	5	2021
263	50	5	2021
263	56	5	2021
264	23	5	2022
264	5	5	2022
264	7	5	2022
264	8	5	2022
264	27	5	2022
264	14	5	2022
265	24	5	2022
265	5	5	2022
265	15	5	2022
265	217	5	2022
265	3	5	2022
266	14	5	2022
266	15	5	2022
267	5	5	2022
267	15	5	2022
267	93	5	2022
267	246	5	2022
267	211	5	2022
267	234	5	2022
267	227	5	2022
268	23	5	2022
268	40	5	2022
268	56	5	2022
269	173	5	2022
269	171	5	2022
270	5	5	2022
270	7	5	2022
270	8	5	2022
270	15	5	2022
270	32	5	2022
270	86	5	2022
270	96	5	2022
270	98	5	2022
270	97	5	2022
271	119	5	2022
271	7	5	2022
271	8	5	2022
271	27	5	2022
271	14	5	2022
271	121	5	2022
271	15	5	2022
271	210	5	2022
271	31	5	2022
271	139	5	2022
271	182	5	2022
273	7	5	2021
273	14	5	2021
273	15	5	2021
273	181	5	2021
275	86	5	2022
275	94	5	2022
275	97	5	2022
275	96	5	2022
276	255	5	2022
276	236	5	2022
276	52	5	2022
276	225	5	2022
276	57	5	2022
276	125	5	2022
277	5	5	2021
277	7	5	2021
277	14	5	2021
277	191	5	2021
278	63	5	2022
278	93	5	2022
278	103	5	2022
278	89	5	2022
278	79	5	2022
278	15	5	2022
279	256	5	2022
279	68	5	2022
279	15	5	2022
279	5	5	2022
279	65	5	2022
280	5	5	2022
280	7	5	2022
280	15	5	2022
281	24	5	2021
281	7	5	2021
281	14	5	2021
281	16	5	2021
282	5	5	2022
282	86	5	2022
282	97	5	2022
283	7	5	2021
283	16	5	2021
283	14	5	2021
283	5	5	2021
284	23	5	2020
284	51	5	2020
284	4	5	2020
284	47	5	2020
284	5	5	2020
284	52	5	2020
284	53	5	2020
284	54	5	2020
284	257	5	2020
284	55	5	2020
285	5	5	2022
285	208	5	2022
285	14	5	2022
286	78	5	2021
286	80	5	2021
286	110	5	2021
286	137	5	2021
286	14	5	2021
287	44	5	2022
287	7	5	2022
287	85	5	2022
287	134	5	2022
288	5	5	2022
288	63	5	2022
288	258	5	2022
288	14	5	2022
289	76	5	2022
289	63	5	2022
289	79	5	2022
289	64	5	2022
289	78	5	2022
289	80	5	2022
289	110	5	2022
289	259	5	2022
290	24	5	2021
290	14	5	2021
290	15	5	2021
291	5	5	2022
291	7	5	2022
291	14	5	2022
291	15	5	2022
291	197	5	2022
294	24	5	2022
294	7	5	2022
294	14	5	2022
294	15	5	2022
295	14	5	2022
295	31	5	2022
296	56	5	2022
296	115	5	2022
296	52	5	2022
296	57	5	2022
296	65	5	2022
296	55	5	2022
296	74	5	2022
296	261	5	2022
296	111	5	2022
297	8	5	2021
297	14	5	2021
297	15	5	2021
298	262	5	2022
298	187	5	2022
298	176	5	2022
298	14	5	2022
298	15	5	2022
298	182	5	2022
299	23	5	2022
299	5	5	2022
299	214	5	2022
299	57	5	2022
300	194	5	2021
300	263	5	2021
300	159	5	2021
300	15	5	2021
300	161	5	2021
300	192	5	2021
300	14	5	2021
301	5	5	2022
301	15	5	2022
301	185	5	2022
301	122	5	2022
302	47	5	2022
302	52	5	2022
302	53	5	2022
302	54	5	2022
302	55	5	2022
302	74	5	2022
302	205	5	2022
303	84	5	2022
303	264	5	2022
303	159	5	2022
303	14	5	2022
303	171	5	2022
304	24	5	2022
304	181	5	2022
304	14	5	2022
304	191	5	2022
304	176	5	2022
305	186	5	2022
305	7	5	2022
305	2	5	2022
305	21	5	2022
305	238	5	2022
305	181	5	2022
306	5	5	2022
306	174	5	2022
306	218	5	2022
306	187	5	2022
306	176	5	2022
306	14	5	2022
306	15	5	2022
306	32	5	2022
310	24	5	2018
310	5	5	2018
310	47	5	2018
310	265	5	2018
310	266	5	2018
315	23	5	2021
315	51	5	2021
315	4	5	2021
315	5	5	2021
315	47	5	2021
315	52	5	2021
315	53	5	2021
315	54	5	2021
316	23	5	2021
316	4	5	2021
316	47	5	2021
316	52	5	2021
316	53	5	2021
316	54	5	2021
316	145	5	2021
316	55	5	2021
318	23	5	2018
318	5	5	2018
318	4	5	2018
318	117	5	2018
319	24	5	2018
319	5	5	2018
319	267	5	2018
319	224	5	2018
319	268	5	2018
320	23	5	2019
320	51	5	2019
320	5	5	2019
320	152	5	2019
320	52	5	2019
320	53	5	2019
321	5	5	2019
321	28	5	2019
321	63	5	2019
321	30	5	2019
321	222	5	2019
321	35	5	2019
321	269	5	2019
321	270	5	2019
324	24	5	2017
324	220	5	2017
324	5	5	2017
324	265	5	2017
324	7	5	2017
324	37	5	2017
324	224	5	2017
325	23	5	2018
325	5	5	2018
325	47	5	2018
325	56	5	2018
325	271	5	2018
325	256	5	2018
326	23	5	2021
326	51	5	2021
326	4	5	2021
326	5	5	2021
326	47	5	2021
326	52	5	2021
326	53	5	2021
326	54	5	2021
327	4	5	2017
327	23	5	2017
327	220	5	2017
328	23	5	2021
328	4	5	2021
328	52	5	2021
328	53	5	2021
328	54	5	2021
328	55	5	2021
328	74	5	2021
329	23	5	2020
329	56	5	2020
329	52	5	2020
329	272	5	2020
330	24	5	2020
330	8	5	2020
330	14	5	2020
330	245	5	2020
331	23	5	2020
331	5	5	2020
331	4	5	2020
331	117	5	2020
331	226	5	2020
332	23	5	2019
332	4	5	2019
332	5	5	2019
332	247	5	2019
332	7	5	2019
332	151	5	2019
332	52	5	2019
332	273	5	2019
333	5	5	2020
333	47	5	2020
333	4	5	2020
333	251	5	2020
333	52	5	2020
333	54	5	2020
333	53	5	2020
333	57	5	2020
333	145	5	2020
333	252	5	2020
334	43	5	2018
334	274	5	2018
334	88	5	2018
336	23	5	2019
336	4	5	2019
336	5	5	2019
336	152	5	2019
336	53	5	2019
338	186	5	2019
338	47	5	2019
338	50	5	2019
338	80	5	2019
338	211	5	2019
339	23	5	2021
339	4	5	2021
339	47	5	2021
339	251	5	2021
339	275	5	2021
339	52	5	2021
339	55	5	2021
339	152	5	2021
342	23	5	2020
342	51	5	2020
342	47	5	2020
342	5	5	2020
342	52	5	2020
342	53	5	2020
342	54	5	2020
342	69	5	2020
342	55	5	2020
343	23	5	2019
343	47	5	2019
343	53	5	2019
343	54	5	2019
343	152	5	2019
343	62	5	2019
345	23	5	2019
345	51	5	2019
345	4	5	2019
345	5	5	2019
345	276	5	2019
345	52	5	2019
345	53	5	2019
345	54	5	2019
345	277	5	2019
347	278	5	2018
347	48	5	2018
347	128	5	2018
348	222	5	2018
348	279	5	2018
348	226	5	2018
348	92	5	2018
350	52	5	2019
350	5	5	2019
350	56	5	2019
350	248	5	2019
351	29	5	2019
351	7	5	2019
351	211	5	2019
351	280	5	2019
351	281	5	2019
352	24	5	2019
352	91	5	2019
352	46	5	2019
352	47	5	2019
352	48	5	2019
352	265	5	2019
352	50	5	2019
352	154	5	2019
354	23	5	2019
354	4	5	2019
354	53	5	2019
354	54	5	2019
356	23	5	2019
356	61	5	2019
356	52	5	2019
356	53	5	2019
356	54	5	2019
356	62	5	2019
356	282	5	2019
357	5	5	2020
357	30	5	2020
357	47	5	2020
357	61	5	2020
357	52	5	2020
357	56	5	2020
357	57	5	2020
357	231	5	2020
358	23	5	2019
358	5	5	2019
358	47	5	2019
358	52	5	2019
358	53	5	2019
358	54	5	2019
359	220	5	2020
359	52	5	2020
359	57	5	2020
360	4	5	2020
360	52	5	2020
360	251	5	2020
360	283	5	2020
360	284	5	2020
360	53	5	2020
361	52	5	2021
361	53	5	2021
361	56	5	2021
361	54	5	2021
361	57	5	2021
362	24	5	2021
362	5	5	2021
362	54	5	2021
362	62	5	2021
362	55	5	2021
363	23	5	2020
363	4	5	2020
363	251	5	2020
363	47	5	2020
363	5	5	2020
363	52	5	2020
363	53	5	2020
363	54	5	2020
363	145	5	2020
363	55	5	2020
364	47	5	2021
364	52	5	2021
364	53	5	2021
364	54	5	2021
364	55	5	2021
364	146	5	2021
364	147	5	2021
365	51	5	2021
365	24	5	2021
365	47	5	2021
365	135	5	2021
365	52	5	2021
365	53	5	2021
365	54	5	2021
366	5	5	2019
366	52	5	2019
366	4	5	2019
366	55	5	2019
366	53	5	2019
366	257	5	2019
369	23	5	2020
369	51	5	2020
369	4	5	2020
369	5	5	2020
369	52	5	2020
369	53	5	2020
369	54	5	2020
369	55	5	2020
370	23	5	2022
370	0	5	2022
372	7	5	2022
372	14	5	2022
372	31	5	2022
372	271	5	2022
372	175	5	2022
373	24	5	2022
373	14	5	2022
373	162	5	2022
373	163	5	2022
373	15	5	2022
374	5	5	2021
374	14	5	2021
374	31	5	2021
374	195	5	2021
375	24	5	2021
375	14	5	2021
375	16	5	2021
375	37	5	2021
375	160	5	2021
376	5	5	2021
376	7	5	2021
376	14	5	2021
376	15	5	2021
377	24	5	2022
377	14	5	2022
377	15	5	2022
378	24	5	2022
378	70	5	2022
378	8	5	2022
378	14	5	2022
378	16	5	2022
378	31	5	2022
379	23	5	2022
379	4	5	2022
379	13	5	2022
379	5	5	2022
379	285	5	2022
379	7	5	2022
379	93	5	2022
379	14	5	2022
381	4	5	2021
381	286	5	2021
381	52	5	2021
381	7	5	2021
382	24	5	2022
382	7	5	2022
384	7	5	2022
384	15	5	2022
386	24	5	2022
386	47	5	2022
386	287	5	2022
386	215	5	2022
387	76	5	2021
387	206	5	2021
387	77	5	2021
387	79	5	2021
388	4	5	2022
388	5	5	2022
388	37	5	2022
388	7	5	2022
388	34	5	2022
388	25	5	2022
388	26	5	2022
388	193	5	2022
388	0	5	2022
388	16	5	2022
388	36	5	2022
388	20	5	2022
388	194	5	2022
388	195	5	2022
388	196	5	2022
388	286	5	2022
388	8	5	2022
388	27	5	2022
388	161	5	2022
388	14	5	2022
388	41	5	2022
388	191	5	2022
388	232	5	2022
388	15	5	2022
389	23	5	2022
389	5	5	2022
389	14	5	2022
389	15	5	2022
391	23	5	2022
391	159	5	2022
392	4	5	2021
392	24	5	2021
392	14	5	2021
392	15	5	2021
392	32	5	2021
392	84	5	2021
392	171	5	2021
393	5	5	2022
393	86	5	2022
393	91	5	2022
394	5	5	2021
394	7	5	2021
394	187	5	2021
394	218	5	2021
394	185	5	2021
394	129	5	2021
394	141	5	2021
394	181	5	2021
394	15	5	2021
394	288	5	2021
394	289	5	2021
395	186	5	2021
395	290	5	2021
395	44	5	2021
395	119	5	2021
395	40	5	2021
395	7	5	2021
395	8	5	2021
395	14	5	2021
395	121	5	2021
395	202	5	2021
395	120	5	2021
395	264	5	2021
396	5	5	2022
396	20	5	2022
396	245	5	2022
396	197	5	2022
397	5	5	2022
397	7	5	2022
397	14	5	2022
397	232	5	2022
397	191	5	2022
397	15	5	2022
398	23	5	2021
398	278	5	2021
398	24	5	2021
398	5	5	2021
398	52	5	2021
398	56	5	2021
398	57	5	2021
399	195	5	2022
399	26	5	2022
399	27	5	2022
399	14	5	2022
399	15	5	2022
399	239	5	2022
400	5	5	2022
400	44	5	2022
400	7	5	2022
400	8	5	2022
400	14	5	2022
400	191	5	2022
400	15	5	2022
402	7	5	2022
402	14	5	2022
402	193	5	2022
402	15	5	2022
402	122	5	2022
402	209	5	2022
402	185	5	2022
403	186	5	2015
403	258	5	2015
403	7	5	2015
403	291	5	2015
403	8	5	2015
403	15	5	2015
403	181	5	2015
403	176	5	2015
404	23	5	2022
404	15	5	2022
404	185	5	2022
404	192	5	2022
404	27	5	2022
405	24	5	2022
405	14	5	2022
406	23	5	2020
406	4	5	2020
406	47	5	2020
406	52	5	2020
406	53	5	2020
406	54	5	2020
406	69	5	2020
406	55	5	2020
406	146	5	2020
407	5	5	2022
407	2	5	2022
407	209	5	2022
407	237	5	2022
407	14	5	2022
407	191	5	2022
408	14	5	2022
408	15	5	2022
408	208	5	2022
408	168	5	2022
408	169	5	2022
408	98	5	2022
408	31	5	2022
409	216	5	2021
409	40	5	2021
409	28	5	2021
412	84	5	2022
412	14	5	2022
412	41	5	2022
412	36	5	2022
412	171	5	2022
412	172	5	2022
413	15	5	2022
413	47	5	2022
413	52	5	2022
413	56	5	2022
413	57	5	2022
413	66	5	2022
413	55	5	2022
413	74	5	2022
413	146	5	2022
415	14	5	2022
415	15	5	2022
415	171	5	2022
416	157	5	2022
416	15	5	2022
416	98	5	2022
417	104	5	2021
417	160	5	2021
419	10	5	2022
419	4	5	2022
419	0	5	2022
419	5	5	2022
419	7	5	2022
419	25	5	2022
419	14	5	2022
420	5	5	2022
420	7	5	2022
420	166	5	2022
422	188	5	2021
422	189	5	2021
422	190	5	2021
422	8	5	2021
422	14	5	2021
423	5	5	2022
423	15	5	2022
423	228	5	2022
423	140	5	2022
423	292	5	2022
423	181	5	2022
424	160	5	2022
424	159	5	2022
424	162	5	2022
425	5	5	2022
425	7	5	2022
426	156	5	2021
426	155	5	2021
426	97	5	2021
426	86	5	2021
426	91	5	2021
426	92	5	2021
427	24	5	2022
427	5	5	2022
427	7	5	2022
427	258	5	2022
427	8	5	2022
427	191	5	2022
427	14	5	2022
428	5	5	2021
428	47	5	2021
428	52	5	2021
428	56	5	2021
428	57	5	2021
428	65	5	2021
428	293	5	2021
428	125	5	2021
431	5	5	2022
431	14	5	2022
432	23	5	2022
432	4	5	2022
432	5	5	2022
432	7	5	2022
432	229	5	2022
433	52	5	2021
433	157	5	2021
433	58	5	2021
434	84	5	2022
434	30	5	2022
434	7	5	2022
435	23	5	2022
435	4	5	2022
435	47	5	2022
435	52	5	2022
435	53	5	2022
435	54	5	2022
435	145	5	2022
435	170	5	2022
435	55	5	2022
436	2	5	2022
436	5	5	2022
436	165	5	2022
436	14	5	2022
437	24	5	2022
437	8	5	2022
437	14	5	2022
437	15	5	2022
437	245	5	2022
438	15	5	2022
438	96	5	2022
438	63	5	2022
439	186	5	2022
439	7	5	2022
439	218	5	2022
439	262	5	2022
439	187	5	2022
439	258	5	2022
439	57	5	2022
439	55	5	2022
439	291	5	2022
440	44	5	2020
440	136	5	2020
440	78	5	2020
440	52	5	2020
440	106	5	2020
440	56	5	2020
440	110	5	2020
440	137	5	2020
441	284	5	2018
441	52	5	2018
441	283	5	2018
441	251	5	2018
441	294	5	2018
441	52	5	2018
441	4	5	2018
443	76	5	2019
443	63	5	2019
443	88	5	2019
443	77	5	2019
444	23	5	2020
444	51	5	2020
444	4	5	2020
444	47	5	2020
444	5	5	2020
444	52	5	2020
444	53	5	2020
444	54	5	2020
444	55	5	2020
444	74	5	2020
444	257	5	2020
448	23	5	2019
448	4	5	2019
448	251	5	2019
448	47	5	2019
448	5	5	2019
448	52	5	2019
448	53	5	2019
448	54	5	2019
448	55	5	2019
448	145	5	2019
449	23	5	2018
449	52	5	2018
449	56	5	2018
449	56	5	2018
449	71	5	2018
450	23	5	2020
450	4	5	2020
450	53	5	2020
450	54	5	2020
450	269	5	2020
450	282	5	2020
453	4	5	2019
453	5	5	2019
453	47	5	2019
453	52	5	2019
453	53	5	2019
453	54	5	2019
453	69	5	2019
453	55	5	2019
454	51	5	2019
454	52	5	2019
454	5	5	2019
454	47	5	2019
454	152	5	2019
454	4	5	2019
455	51	5	2021
455	47	5	2021
455	251	5	2021
455	148	5	2021
455	52	5	2021
455	54	5	2021
455	55	5	2021
455	74	5	2021
455	65	5	2021
456	23	5	2019
456	51	5	2019
456	135	5	2019
456	5	5	2019
456	52	5	2019
458	23	5	2020
458	51	5	2020
458	4	5	2020
458	5	5	2020
458	47	5	2020
458	52	5	2020
458	53	5	2020
458	54	5	2020
458	69	5	2020
458	55	5	2020
459	23	5	2020
459	4	5	2020
459	5	5	2020
459	47	5	2020
459	52	5	2020
459	226	5	2020
459	53	5	2020
459	54	5	2020
460	22	5	2020
460	251	5	2020
460	275	5	2020
460	23	5	2020
460	281	5	2020
460	283	5	2020
460	52	5	2020
460	5	5	2020
461	23	5	2020
461	4	5	2020
461	47	5	2020
461	5	5	2020
461	52	5	2020
461	53	5	2020
461	54	5	2020
462	23	5	2021
462	4	5	2021
462	47	5	2021
462	52	5	2021
462	53	5	2021
464	4	5	2021
464	5	5	2021
464	47	5	2021
464	52	5	2021
464	53	5	2021
464	54	5	2021
464	69	5	2021
464	145	5	2021
464	55	5	2021
464	74	5	2021
465	40	5	2020
465	33	5	2020
465	44	5	2020
466	88	5	2020
466	52	5	2020
466	53	5	2020
466	62	5	2020
466	282	5	2020
466	295	5	2020
467	52	5	2021
467	53	5	2021
467	55	5	2021
467	82	5	2021
467	142	5	2021
469	23	5	2021
469	4	5	2021
469	47	5	2021
469	52	5	2021
469	53	5	2021
469	54	5	2021
469	145	5	2021
469	252	5	2021
470	52	5	2021
470	53	5	2021
470	57	5	2021
471	23	5	2020
471	4	5	2020
471	53	5	2020
471	282	5	2020
471	200	5	2020
471	143	5	2020
472	56	5	2022
472	71	5	2022
472	52	5	2022
473	23	5	2021
473	51	5	2021
473	4	5	2021
473	53	5	2021
473	54	5	2021
475	54	5	2019
475	53	5	2019
475	145	5	2019
475	23	5	2019
475	51	5	2019
475	4	5	2019
475	52	5	2019
477	23	5	2020
477	52	5	2020
477	53	5	2020
477	55	5	2020
478	23	5	2021
478	4	5	2021
478	5	5	2021
478	47	5	2021
478	52	5	2021
478	53	5	2021
478	54	5	2021
479	23	5	2020
479	5	5	2020
479	3	5	2020
479	7	5	2020
480	23	5	2021
480	4	5	2021
480	57	5	2021
480	56	5	2021
481	23	5	2021
481	93	5	2021
481	52	5	2021
481	56	5	2021
482	23	5	2021
482	51	5	2021
482	4	5	2021
482	52	5	2021
482	53	5	2021
482	54	5	2021
483	23	5	2020
483	51	5	2020
483	4	5	2020
483	52	5	2020
483	53	5	2020
483	54	5	2020
483	145	5	2020
484	52	5	2022
484	57	5	2022
484	114	5	2022
484	80	5	2022
484	110	5	2022
485	4	5	2021
485	5	5	2021
485	52	5	2021
485	53	5	2021
487	5	5	2021
487	208	5	2021
487	34	5	2021
487	7	5	2021
488	4	5	2020
488	47	5	2020
488	52	5	2020
488	53	5	2020
488	54	5	2020
489	5	5	2022
489	96	5	2022
489	50	5	2022
489	300	5	2022
489	65	5	2022
489	52	5	2022
489	71	5	2022
489	55	5	2022
489	74	5	2022
490	88	5	2022
490	52	5	2022
490	53	5	2022
490	62	5	2022
490	282	5	2022
491	47	5	2022
491	52	5	2022
491	53	5	2022
491	54	5	2022
491	55	5	2022
491	146	5	2022
491	147	5	2022
493	23	5	2019
493	5	5	2019
493	46	5	2019
493	47	5	2019
493	61	5	2019
493	52	5	2019
493	56	5	2019
494	5	5	2022
494	28	5	2022
494	63	5	2022
494	30	5	2022
494	222	5	2022
494	35	5	2022
494	269	5	2022
495	23	5	2020
495	51	5	2020
495	4	5	2020
495	5	5	2020
495	47	5	2020
495	52	5	2020
495	53	5	2020
495	54	5	2020
495	55	5	2020
495	53	5	2020
497	23	5	2022
497	5	5	2022
497	4	5	2022
497	47	5	2022
497	52	5	2022
497	53	5	2022
497	54	5	2022
497	57	5	2022
497	55	5	2022
497	74	5	2022
497	131	5	2022
498	186	5	2022
498	85	5	2022
501	5	5	2022
501	47	5	2022
501	52	5	2022
501	56	5	2022
503	23	5	2022
503	4	5	2022
503	47	5	2022
503	52	5	2022
503	53	5	2022
503	54	5	2022
503	55	5	2022
504	23	5	2022
504	4	5	2022
504	47	5	2022
504	52	5	2022
504	53	5	2022
504	55	5	2022
504	131	5	2022
507	5	5	2021
507	29	5	2021
507	7	5	2021
507	56	5	2021
507	57	5	2021
507	207	5	2021
507	301	5	2021
508	23	5	2021
508	51	5	2021
508	5	5	2021
508	4	5	2021
508	47	5	2021
508	52	5	2021
508	53	5	2021
508	54	5	2021
509	4	5	2022
509	52	5	2022
509	53	5	2022
509	54	5	2022
509	55	5	2022
509	302	5	2022
509	81	5	2022
509	145	5	2022
510	51	5	2022
510	251	5	2022
510	52	5	2022
510	53	5	2022
510	65	5	2022
510	55	5	2022
510	82	5	2022
510	147	5	2022
511	135	5	2021
511	251	5	2021
511	57	5	2021
512	254	5	2020
512	73	5	2020
512	44	5	2020
513	23	5	2022
513	51	5	2022
513	4	5	2022
513	5	5	2022
513	47	5	2022
513	53	5	2022
513	54	5	2022
513	55	5	2022
519	23	5	2022
519	51	5	2022
519	5	5	2022
519	47	5	2022
519	4	5	2022
519	52	5	2022
519	53	5	2022
519	54	5	2022
519	69	5	2022
519	55	5	2022
520	23	5	2019
520	4	5	2019
520	5	5	2019
520	52	5	2019
521	23	5	2022
521	157	5	2022
521	52	5	2022
522	23	5	2019
522	4	5	2019
522	220	5	2019
523	23	5	2020
523	51	5	2020
523	4	5	2020
523	47	5	2020
523	52	5	2020
523	53	5	2020
523	54	5	2020
523	55	5	2020
526	28	5	2022
526	65	5	2022
526	57	5	2022
526	222	5	2022
527	47	5	2022
527	4	5	2022
527	52	5	2022
527	53	5	2022
527	145	5	2022
527	55	5	2022
527	131	5	2022
527	54	5	2022
529	4	5	2022
529	52	5	2022
529	53	5	2022
529	55	5	2022
529	74	5	2022
529	81	5	2022
531	104	5	2022
531	211	5	2022
531	226	5	2022
531	53	5	2022
531	54	5	2022
531	80	5	2022
533	23	5	2021
533	51	5	2021
533	4	5	2021
533	5	5	2021
533	52	5	2021
533	53	5	2021
533	54	5	2021
535	5	5	2022
535	52	5	2022
535	56	5	2022
535	57	5	2022
535	65	5	2022
535	68	5	2022
535	138	5	2022
538	52	5	2022
538	54	5	2022
538	57	5	2022
538	65	5	2022
538	138	5	2022
539	51	5	2022
539	251	5	2022
539	53	5	2022
539	54	5	2022
539	55	5	2022
539	74	5	2022
539	65	5	2022
539	83	5	2022
540	222	5	2021
540	304	5	2021
540	54	5	2021
540	55	5	2021
541	23	5	2021
541	4	5	2021
541	47	5	2021
541	52	5	2021
541	53	5	2021
541	54	5	2021
541	83	5	2021
542	23	5	2018
542	5	5	2018
542	46	5	2018
542	47	5	2018
542	61	5	2018
542	52	5	2018
542	56	5	2018
546	4	5	2017
546	305	5	2017
546	220	5	2017
546	152	5	2017
547	255	5	2018
547	220	5	2018
547	225	5	2018
548	4	5	2017
548	24	5	2017
548	294	5	2017
548	222	5	2017
549	5	5	2019
549	4	5	2019
549	262	5	2019
549	174	5	2019
549	53	5	2019
549	288	5	2019
550	135	5	2018
550	30	5	2018
550	5	5	2018
550	44	5	2018
550	29	5	2018
550	3	5	2018
550	7	5	2018
550	25	5	2018
551	47	5	2020
551	306	5	2020
551	220	5	2020
551	104	5	2020
551	222	5	2020
551	214	5	2020
551	307	5	2020
551	215	5	2020
551	121	5	2020
552	23	5	2016
552	44	5	2016
552	10	5	2016
552	11	5	2016
553	308	5	2018
553	47	5	2018
553	49	5	2018
553	52	5	2018
554	305	5	2018
554	5	5	2018
554	4	5	2018
554	52	5	2018
554	152	5	2018
554	282	5	2018
556	136	5	2019
556	77	5	2019
556	80	5	2019
556	110	5	2019
556	259	5	2019
557	119	5	2019
557	290	5	2019
557	33	5	2019
557	202	5	2019
558	23	5	2020
558	5	5	2020
558	47	5	2020
558	50	5	2020
558	52	5	2020
558	56	5	2020
558	304	5	2020
558	125	5	2020
559	23	5	2018
559	5	5	2018
559	11	5	2018
560	177	5	2016
560	253	5	2016
560	241	5	2016
561	23	5	2017
561	5	5	2017
561	10	5	2017
561	72	5	2017
561	47	5	2017
561	61	5	2017
563	28	5	2019
563	80	5	2019
563	52	5	2019
563	309	5	2019
563	266	5	2019
563	110	5	2019
563	114	5	2019
565	186	5	2019
565	52	5	2019
565	226	5	2019
565	134	5	2019
566	104	5	2020
566	214	5	2020
566	226	5	2020
566	268	5	2020
566	224	5	2020
566	225	5	2020
566	287	5	2020
566	215	5	2020
566	310	5	2020
567	23	5	2017
567	47	5	2017
567	49	5	2017
567	52	5	2017
568	23	5	2018
568	5	5	2018
568	72	5	2018
568	47	5	2018
568	48	5	2018
568	49	5	2018
568	50	5	2018
568	56	5	2018
568	311	5	2018
569	4	5	2020
569	47	5	2020
569	71	5	2020
569	53	5	2020
569	131	5	2020
569	55	5	2020
569	74	5	2020
569	82	5	2020
570	23	5	2020
570	51	5	2020
570	4	5	2020
570	5	5	2020
570	47	5	2020
570	52	5	2020
570	53	5	2020
570	54	5	2020
570	55	5	2020
570	143	5	2020
571	275	5	2019
571	251	5	2019
571	312	5	2019
571	313	5	2019
571	53	5	2019
571	52	5	2019
571	54	5	2019
571	284	5	2019
572	5	5	2020
572	52	5	2020
572	74	5	2020
572	56	5	2020
572	57	5	2020
572	304	5	2020
572	140	5	2020
573	23	5	2020
573	157	5	2020
573	52	5	2020
573	58	5	2020
575	45	5	2020
575	50	5	2020
575	115	5	2020
575	314	5	2020
575	52	5	2020
575	65	5	2020
575	66	5	2020
575	57	5	2020
575	261	5	2020
576	5	5	2019
576	93	5	2019
576	211	5	2019
576	53	5	2019
576	56	5	2019
576	57	5	2019
577	80	5	2019
577	104	5	2019
577	53	5	2019
577	211	5	2019
577	315	5	2019
577	110	5	2019
577	112	5	2019
578	152	5	2019
578	314	5	2019
578	222	5	2019
580	5	5	2019
580	52	5	2019
580	53	5	2019
580	52	5	2019
580	53	5	2019
580	264	5	2019
580	56	5	2019
580	118	5	2019
580	47	5	2019
580	304	5	2019
581	173	5	2018
581	23	5	2018
581	5	5	2018
581	84	5	2018
581	104	5	2018
581	281	5	2018
582	46	5	2019
582	52	5	2019
582	56	5	2019
582	158	5	2019
583	23	5	2020
583	5	5	2020
583	7	5	2020
583	47	5	2020
583	52	5	2020
583	56	5	2020
583	57	5	2020
583	65	5	2020
584	52	5	2018
584	313	5	2018
584	4	5	2018
584	275	5	2018
586	313	5	2019
586	4	5	2019
586	275	5	2019
586	55	5	2019
586	52	5	2019
586	297	5	2019
587	88	5	2019
587	52	5	2019
587	53	5	2019
587	62	5	2019
587	282	5	2019
588	23	5	2019
588	5	5	2019
588	7	5	2019
588	40	5	2019
589	23	5	2018
589	5	5	2018
589	29	5	2018
589	0	5	2018
589	7	5	2018
590	52	5	2019
590	56	5	2019
590	110	5	2019
590	266	5	2019
590	88	5	2019
590	44	5	2019
590	52	5	2019
590	56	5	2019
590	110	5	2019
590	266	5	2019
590	104	5	2019
590	62	5	2019
590	115	5	2019
592	24	5	2017
592	280	5	2017
592	5	5	2017
592	286	5	2017
592	7	5	2017
593	135	5	2017
593	5	5	2017
593	316	5	2017
593	23	5	2017
595	47	5	2020
595	306	5	2020
595	222	5	2020
595	215	5	2020
595	57	5	2020
595	317	5	2020
596	135	5	2019
596	52	5	2019
596	318	5	2019
597	51	5	2020
597	47	5	2020
597	52	5	2020
597	53	5	2020
597	145	5	2020
597	54	5	2020
597	170	5	2020
597	55	5	2020
597	81	5	2020
597	83	5	2020
601	23	5	2020
601	5	5	2020
601	46	5	2020
601	47	5	2020
601	50	5	2020
601	52	5	2020
601	54	5	2020
601	56	5	2020
601	57	5	2020
601	66	5	2020
601	133	5	2020
605	77	5	2020
605	179	5	2020
605	222	5	2020
605	319	5	2020
606	23	5	2019
606	5	5	2019
606	46	5	2019
606	47	5	2019
606	52	5	2019
606	56	5	2019
606	320	5	2019
607	5	5	2020
607	28	5	2020
607	63	5	2020
607	30	5	2020
607	35	5	2020
607	269	5	2020
607	263	5	2020
608	5	5	2020
608	44	5	2020
608	54	5	2020
608	52	5	2020
608	53	5	2020
609	321	5	2018
609	306	5	2018
609	220	5	2018
609	104	5	2018
609	222	5	2018
609	214	5	2018
610	131	5	2021
610	322	5	2021
610	53	5	2021
610	52	5	2021
610	5	5	2021
610	51	5	2021
612	5	5	2021
612	44	5	2021
612	40	5	2021
612	7	5	2021
612	52	5	2021
612	54	5	2021
614	24	5	2020
614	47	5	2020
614	214	5	2020
614	104	5	2020
614	62	5	2020
614	225	5	2020
615	47	5	2020
615	265	5	2020
615	52	5	2020
615	97	5	2020
615	222	5	2020
615	153	5	2020
617	45	5	2020
617	5	5	2020
617	63	5	2020
617	201	5	2020
617	47	5	2020
617	222	5	2020
617	57	5	2020
618	52	5	2020
618	56	5	2020
618	57	5	2020
618	115	5	2020
618	114	5	2020
618	80	5	2020
618	110	5	2020
618	298	5	2020
619	23	5	2018
619	5	5	2018
619	34	5	2018
619	47	5	2018
619	50	5	2018
619	323	5	2018
619	86	5	2018
620	47	5	2020
620	52	5	2020
620	53	5	2020
620	54	5	2020
620	55	5	2020
620	117	5	2020
620	296	5	2020
622	23	5	2019
622	72	5	2019
622	324	5	2019
622	265	5	2019
622	325	5	2019
622	326	5	2019
622	327	5	2019
623	88	5	2021
623	44	5	2021
623	52	5	2021
623	56	5	2021
623	110	5	2021
623	266	5	2021
623	104	5	2021
623	62	5	2021
625	76	5	2020
625	77	5	2020
625	78	5	2020
625	80	5	2020
625	110	5	2020
626	10	5	2020
626	69	5	2020
626	47	5	2020
626	265	5	2020
626	62	5	2020
626	328	5	2020
626	149	5	2020
627	313	5	2017
627	312	5	2017
627	135	5	2017
627	52	5	2017
628	23	5	2020
628	51	5	2020
628	255	5	2020
628	52	5	2020
628	152	5	2020
628	57	5	2020
628	158	5	2020
632	45	5	2018
632	5	5	2018
632	46	5	2018
632	47	5	2018
632	48	5	2018
632	49	5	2018
632	50	5	2018
633	122	5	2020
633	177	5	2020
633	184	5	2020
633	5	5	2020
633	29	5	2020
633	28	5	2020
633	7	5	2020
634	278	5	2018
634	312	5	2018
634	73	5	2018
634	316	5	2018
634	6	5	2018
634	47	5	2018
635	5	5	2019
635	329	5	2019
635	330	5	2019
635	211	5	2019
635	201	5	2019
635	253	5	2019
635	241	5	2019
636	23	5	2019
636	47	5	2019
636	52	5	2019
636	266	5	2019
636	56	5	2019
636	57	5	2019
638	44	5	2019
638	52	5	2019
638	56	5	2019
638	57	5	2019
638	211	5	2019
640	251	5	2019
640	148	5	2019
640	52	5	2019
640	53	5	2019
640	54	5	2019
640	303	5	2019
640	81	5	2019
642	5	5	2021
642	15	5	2021
642	55	5	2021
642	52	5	2021
642	56	5	2021
642	133	5	2021
642	65	5	2021
642	57	5	2021
643	1	5	2019
643	0	5	2019
643	3	5	2019
643	16	5	2019
643	16	5	2019
644	5	5	2021
644	35	5	2021
644	47	5	2021
644	53	5	2021
644	57	5	2021
646	5	5	2020
646	253	5	2020
646	84	5	2020
646	222	5	2020
647	5	5	2018
647	329	5	2018
647	330	5	2018
647	211	5	2018
647	201	5	2018
648	195	5	2020
648	194	5	2020
648	196	5	2020
648	159	5	2020
648	52	5	2020
648	157	5	2020
650	52	5	2021
650	134	5	2021
650	95	5	2021
650	93	5	2021
651	28	5	2019
651	29	5	2019
651	42	5	2019
651	7	5	2019
652	5	5	2020
652	104	5	2020
652	105	5	2020
652	7	5	2020
652	106	5	2020
652	107	5	2020
652	108	5	2020
652	109	5	2020
653	23	5	2019
653	47	5	2019
653	52	5	2019
653	152	5	2019
653	47	5	2019
653	52	5	2019
653	152	5	2019
654	23	5	2020
654	4	5	2020
654	5	5	2020
654	52	5	2020
654	53	5	2020
654	277	5	2020
654	311	5	2020
654	57	5	2020
656	214	5	2021
656	225	5	2021
656	215	5	2021
656	309	5	2021
656	310	5	2021
656	125	5	2021
656	317	5	2021
657	104	5	2021
657	226	5	2021
657	211	5	2021
657	235	5	2021
657	234	5	2021
657	227	5	2021
659	5	5	2020
659	52	5	2020
659	185	5	2020
659	129	5	2020
660	254	5	2020
660	186	5	2020
660	73	5	2020
660	44	5	2020
661	5	5	2021
661	7	5	2021
661	52	5	2021
661	54	5	2021
662	56	5	2021
662	57	5	2021
662	66	5	2021
664	16	5	2019
664	19	5	2019
664	3	5	2019
664	0	5	2019
664	1	5	2019
665	23	5	2021
665	5	5	2021
665	52	5	2021
665	56	5	2021
665	57	5	2021
665	65	5	2021
665	68	5	2021
665	138	5	2021
669	47	5	2019
669	52	5	2019
669	56	5	2019
672	173	5	2020
672	23	5	2020
672	5	5	2020
672	238	5	2020
673	23	5	2021
673	51	5	2021
673	4	5	2021
673	52	5	2021
673	53	5	2021
673	54	5	2021
673	57	5	2021
673	55	5	2021
674	4	5	2019
674	0	5	2019
674	5	5	2019
674	34	5	2019
674	7	5	2019
674	25	5	2019
674	49	5	2019
674	50	5	2019
674	56	5	2019
674	295	5	2019
675	63	5	2019
675	77	5	2019
675	34	5	2019
675	241	5	2019
676	63	5	2021
676	77	5	2021
676	78	5	2021
676	89	5	2021
676	260	5	2021
676	52	5	2021
677	5	5	2019
677	7	5	2019
677	9	5	2019
677	177	5	2019
677	151	5	2019
679	23	5	2018
679	333	5	2018
679	325	5	2018
680	312	5	2020
680	313	5	2020
680	251	5	2020
680	275	5	2020
680	284	5	2020
680	148	5	2020
680	334	5	2020
680	294	5	2020
680	52	5	2020
680	54	5	2020
680	71	5	2020
680	53	5	2020
680	145	5	2020
680	55	5	2020
681	23	5	2021
681	47	5	2021
681	56	5	2021
681	52	5	2021
681	65	5	2021
681	16	5	2021
684	76	5	2020
684	63	5	2020
684	136	5	2020
684	90	5	2020
684	110	5	2020
684	40	5	2020
684	335	5	2020
685	105	5	2019
685	222	5	2019
685	313	5	2019
685	4	5	2019
685	297	5	2019
686	23	5	2020
686	52	5	2020
686	54	5	2020
686	188	5	2020
686	55	5	2020
686	14	5	2020
688	23	5	2020
688	24	5	2020
688	5	5	2020
688	7	5	2020
688	25	5	2020
688	50	5	2020
688	52	5	2020
688	56	5	2020
688	57	5	2020
689	62	5	2020
689	48	5	2020
689	47	5	2020
689	56	5	2020
689	61	5	2020
689	5	5	2020
689	60	5	2020
690	5	5	2019
690	221	5	2019
690	106	5	2019
692	5	5	2020
692	47	5	2020
692	52	5	2020
692	53	5	2020
692	54	5	2020
692	55	5	2020
692	153	5	2020
693	77	5	2019
693	222	5	2019
693	279	5	2019
693	226	5	2019
693	279	5	2019
695	251	5	2021
695	148	5	2021
695	52	5	2021
695	53	5	2021
695	54	5	2021
695	303	5	2021
697	5	5	2018
697	329	5	2018
697	330	5	2018
697	211	5	2018
697	201	5	2018
699	148	5	2021
699	334	5	2021
699	275	5	2021
699	53	5	2021
699	313	5	2021
699	52	5	2021
699	336	5	2021
699	248	5	2021
700	52	5	2021
700	56	5	2021
700	57	5	2021
700	62	5	2021
700	115	5	2021
700	295	5	2021
701	4	5	2021
701	47	5	2021
701	71	5	2021
701	53	5	2021
701	54	5	2021
701	55	5	2021
701	322	5	2021
701	322	5	2021
703	23	5	2019
703	5	5	2019
703	47	5	2019
703	48	5	2019
703	211	5	2019
703	53	5	2019
704	5	5	2021
704	174	5	2021
705	52	5	2021
705	47	5	2021
706	304	5	2020
706	57	5	2020
706	125	5	2020
706	65	5	2020
707	23	5	2018
707	5	5	2018
707	220	5	2018
708	5	5	2019
708	9	5	2019
708	47	5	2019
708	50	5	2019
708	52	5	2019
708	56	5	2019
709	23	5	2021
709	4	5	2021
709	5	5	2021
709	247	5	2021
709	7	5	2021
709	151	5	2021
709	52	5	2021
709	248	5	2021
709	273	5	2021
711	5	5	2020
711	299	5	2020
711	126	5	2020
711	52	5	2020
711	56	5	2020
711	50	5	2020
711	57	5	2020
714	23	5	2021
714	5	5	2021
714	47	5	2021
715	52	5	2021
715	157	5	2021
715	58	5	2021
716	173	5	2021
716	194	5	2021
716	195	5	2021
716	159	5	2021
717	1	5	2021
717	0	5	2021
717	3	5	2021
717	16	5	2021
717	20	5	2021
717	21	5	2021
718	5	5	2020
718	61	5	2020
718	314	5	2020
718	52	5	2020
718	115	5	2020
718	57	5	2020
719	7	5	2020
719	35	5	2020
719	47	5	2020
719	56	5	2020
719	57	5	2020
719	112	5	2020
721	23	5	2021
721	4	5	2021
721	10	5	2021
721	5	5	2021
721	30	5	2021
723	23	5	2021
723	5	5	2021
723	7	5	2021
723	47	5	2021
723	52	5	2021
723	56	5	2021
723	57	5	2021
724	23	5	2018
724	255	5	2018
724	104	5	2018
725	313	5	2021
725	251	5	2021
725	148	5	2021
725	52	5	2021
725	53	5	2021
725	54	5	2021
725	55	5	2021
727	23	5	2017
727	213	5	2017
727	44	5	2017
728	13	5	2020
728	0	5	2020
728	19	5	2020
728	16	5	2020
728	35	5	2020
729	5	5	2021
729	47	5	2021
729	52	5	2021
729	56	5	2021
729	57	5	2021
729	55	5	2021
729	66	5	2021
729	125	5	2021
730	24	5	2019
730	194	5	2019
730	196	5	2019
730	160	5	2019
731	47	5	2020
731	49	5	2020
731	214	5	2020
731	52	5	2020
731	57	5	2020
731	288	5	2020
733	23	5	2020
733	305	5	2020
733	4	5	2020
733	53	5	2020
733	152	5	2020
735	47	5	2021
735	52	5	2021
735	56	5	2021
735	57	5	2021
736	23	5	2022
736	5	5	2022
736	52	5	2022
736	54	5	2022
736	53	5	2022
736	56	5	2022
736	71	5	2022
736	55	5	2022
737	52	5	2021
737	55	5	2021
737	145	5	2021
738	5	5	2021
738	50	5	2021
738	52	5	2021
738	314	5	2021
738	57	5	2021
738	65	5	2021
739	5	5	2020
739	241	5	2020
739	204	5	2020
739	201	5	2020
739	271	5	2020
741	52	5	2021
741	53	5	2021
743	55	5	2021
743	5	5	2021
743	60	5	2021
743	52	5	2021
744	5	5	2021
744	7	5	2021
744	14	5	2021
744	229	5	2021
744	228	5	2021
744	53	5	2021
745	47	5	2021
745	52	5	2021
745	53	5	2021
746	308	5	2020
746	47	5	2020
746	49	5	2020
746	52	5	2020
746	337	5	2020
746	62	5	2020
747	52	5	2021
747	56	5	2021
747	57	5	2021
748	23	5	2020
748	5	5	2020
748	28	5	2020
748	42	5	2020
748	70	5	2020
748	39	5	2020
749	5	5	2019
749	52	5	2019
749	56	5	2019
750	338	5	2021
750	34	5	2021
750	177	5	2021
750	151	5	2021
751	173	5	2017
751	339	5	2017
751	297	5	2017
751	340	5	2017
751	44	5	2017
751	280	5	2017
752	23	5	2020
752	5	5	2020
752	46	5	2020
752	47	5	2020
752	49	5	2020
752	50	5	2020
752	251	5	2020
752	56	5	2020
752	57	5	2020
753	23	5	2021
753	33	5	2021
753	5	5	2021
753	3	5	2021
753	13	5	2021
755	7	5	2021
755	88	5	2021
757	88	5	2022
757	77	5	2022
757	52	5	2022
758	5	5	2020
758	174	5	2020
758	181	5	2020
758	222	5	2020
758	57	5	2020
758	288	5	2020
758	265	5	2020
759	157	5	2021
759	52	5	2021
760	24	5	2020
760	77	5	2020
760	52	5	2020
760	318	5	2020
760	319	5	2020
761	7	5	2020
761	5	5	2020
761	174	5	2020
761	40	5	2020
762	23	5	2018
762	18	5	2018
762	220	5	2018
767	7	5	2019
767	211	5	2019
767	47	5	2019
767	52	5	2019
767	54	5	2019
768	88	5	2020
768	78	5	2020
768	77	5	2020
768	80	5	2020
768	110	5	2020
770	23	5	2020
770	4	5	2020
770	5	5	2020
770	47	5	2020
770	52	5	2020
770	54	5	2020
770	55	5	2020
770	143	5	2020
771	44	5	2022
771	280	5	2022
771	211	5	2022
772	23	5	2021
772	51	5	2021
772	72	5	2021
772	47	5	2021
772	49	5	2021
772	71	5	2021
773	52	5	2021
773	53	5	2021
773	54	5	2021
773	57	5	2021
773	69	5	2021
773	55	5	2021
773	131	5	2021
773	145	5	2021
774	77	5	2021
774	79	5	2021
774	93	5	2021
774	103	5	2021
775	275	5	2021
775	251	5	2021
775	143	5	2021
775	52	5	2021
775	53	5	2021
775	55	5	2021
775	284	5	2021
776	23	5	2020
776	51	5	2020
776	4	5	2020
776	52	5	2020
776	53	5	2020
776	54	5	2020
776	55	5	2020
777	5	5	2021
777	52	5	2021
777	56	5	2021
777	57	5	2021
777	65	5	2021
777	68	5	2021
777	138	5	2021
778	341	5	2020
778	342	5	2020
778	28	5	2020
779	5	5	2020
779	50	5	2020
779	157	5	2020
779	52	5	2020
779	56	5	2020
779	57	5	2020
779	66	5	2020
780	220	5	2021
780	54	5	2021
780	55	5	2021
780	251	5	2021
780	148	5	2021
780	145	5	2021
780	152	5	2021
780	336	5	2021
781	161	5	2021
781	55	5	2021
781	52	5	2021
781	56	5	2021
781	57	5	2021
782	23	5	2019
782	5	5	2019
782	47	5	2019
782	61	5	2019
782	49	5	2019
782	222	5	2019
783	60	5	2019
783	47	5	2019
783	48	5	2019
783	265	5	2019
783	62	5	2019
783	212	5	2019
784	4	5	2018
784	52	5	2018
784	78	5	2018
784	309	5	2018
785	5	5	2020
785	47	5	2020
785	187	5	2020
785	265	5	2020
786	60	5	2016
786	24	5	2016
786	72	5	2016
786	49	5	2016
786	220	5	2016
786	214	5	2016
787	186	5	2013
787	47	5	2013
787	47	5	2013
790	135	5	2017
790	52	5	2017
790	135	5	2017
794	23	5	2016
794	5	5	2016
794	63	5	2016
794	47	5	2016
794	48	5	2016
794	220	5	2016
794	315	5	2016
796	267	5	2018
796	104	5	2018
796	222	5	2018
796	214	5	2018
797	23	5	2018
797	63	5	2018
797	47	5	2018
797	49	5	2018
797	214	5	2018
797	104	5	2018
797	343	5	2018
797	307	5	2018
800	5	5	2015
800	344	5	2015
800	173	5	2015
801	23	5	2016
801	5	5	2016
801	84	5	2016
801	72	5	2016
801	47	5	2016
805	173	5	2016
805	23	5	2016
805	255	5	2016
806	24	5	2017
806	186	5	2017
806	47	5	2017
806	49	5	2017
807	23	5	2018
807	5	5	2018
807	47	5	2018
807	286	5	2018
807	278	5	2018
807	326	5	2018
808	23	5	2018
808	5	5	2018
808	46	5	2018
808	47	5	2018
808	49	5	2018
808	48	5	2018
808	50	5	2018
808	63	5	2018
808	126	5	2018
809	222	5	2020
809	56	5	2020
809	71	5	2020
809	57	5	2020
810	47	5	2017
810	48	5	2017
810	220	5	2017
811	5	5	2020
811	47	5	2020
811	52	5	2020
811	53	5	2020
811	318	5	2020
811	319	5	2020
812	255	5	2019
812	49	5	2019
812	214	5	2019
812	221	5	2019
812	345	5	2019
812	225	5	2019
813	60	5	2017
813	72	5	2017
813	48	5	2017
813	104	5	2017
815	11	5	2015
815	5	5	2015
815	346	5	2015
816	104	5	2020
816	47	5	2020
816	104	5	2020
816	225	5	2020
816	186	5	2020
818	23	5	2018
818	73	5	2018
818	47	5	2018
818	48	5	2018
818	265	5	2018
818	212	5	2018
820	5	5	2019
820	72	5	2019
820	47	5	2019
820	48	5	2019
820	49	5	2019
820	50	5	2019
820	56	5	2019
820	104	5	2019
820	311	5	2019
823	63	5	2019
823	77	5	2019
823	102	5	2019
823	93	5	2019
823	103	5	2019
823	57	5	2019
825	104	5	2020
825	214	5	2020
825	343	5	2020
825	268	5	2020
825	287	5	2020
827	173	5	2018
827	23	5	2018
827	222	5	2018
828	186	5	2018
828	47	5	2018
828	1	5	2018
828	38	5	2018
829	4	5	2018
829	5	5	2018
829	24	5	2018
829	7	5	2018
829	150	5	2018
829	95	5	2018
830	186	5	2018
830	73	5	2018
830	44	5	2018
830	347	5	2018
830	85	5	2018
830	134	5	2018
833	23	5	2018
833	5	5	2018
833	3	5	2018
833	201	5	2018
833	7	5	2018
833	213	5	2018
834	5	5	2018
834	28	5	2018
834	24	5	2018
834	7	5	2018
834	34	5	2018
834	165	5	2018
835	5	5	2017
835	84	5	2017
835	85	5	2017
835	86	5	2017
837	216	5	2018
837	347	5	2018
837	253	5	2018
837	348	5	2018
837	349	5	2018
837	350	5	2018
838	24	5	2018
838	63	5	2018
838	28	5	2018
838	7	5	2018
839	5	5	2019
839	84	5	2019
839	50	5	2019
839	85	5	2019
839	86	5	2019
839	42	5	2019
839	300	5	2019
840	5	5	2019
840	44	5	2019
840	63	5	2019
840	292	5	2019
840	8	5	2019
840	27	5	2019
840	176	5	2019
841	186	5	2017
841	73	5	2017
841	44	5	2017
841	253	5	2017
841	348	5	2017
842	23	5	2018
842	4	5	2018
842	28	5	2018
842	5	5	2018
842	6	5	2018
842	30	5	2018
842	217	5	2018
843	5	5	2018
843	348	5	2018
843	347	5	2018
843	349	5	2018
843	350	5	2018
844	216	5	2018
844	347	5	2018
844	253	5	2018
844	348	5	2018
844	349	5	2018
844	350	5	2018
845	84	5	2019
845	264	5	2019
845	159	5	2019
845	14	5	2019
845	171	5	2019
846	5	5	2018
846	177	5	2018
846	28	5	2018
846	151	5	2018
847	7	5	2019
847	76	5	2019
847	88	5	2019
847	342	5	2019
848	92	5	2019
848	105	5	2019
848	206	5	2019
848	77	5	2019
848	79	5	2019
848	179	5	2019
848	100	5	2019
848	351	5	2019
850	5	5	2018
850	194	5	2018
850	195	5	2018
850	196	5	2018
850	263	5	2018
851	63	5	2018
851	5	5	2018
851	43	5	2018
851	157	5	2018
852	100	5	2018
852	92	5	2018
852	206	5	2018
852	79	5	2018
852	136	5	2018
852	40	5	2018
853	186	5	2019
853	218	5	2019
853	262	5	2019
853	187	5	2019
853	258	5	2019
853	7	5	2019
853	291	5	2019
853	181	5	2019
855	44	5	2019
855	258	5	2019
855	292	5	2019
857	5	5	2019
857	29	5	2019
857	28	5	2019
857	7	5	2019
857	96	5	2019
859	186	5	2017
859	241	5	2017
859	349	5	2017
859	85	5	2017
861	5	5	2017
861	47	5	2017
861	174	5	2017
861	346	5	2017
861	352	5	2017
862	5	5	2019
862	7	5	2019
862	47	5	2019
863	23	5	2018
863	5	5	2018
863	220	5	2018
865	47	5	2019
865	62	5	2019
865	225	5	2019
867	173	5	2019
867	23	5	2019
867	353	5	2019
867	24	5	2019
868	285	5	2019
868	4	5	2019
868	10	5	2019
868	339	5	2019
869	49	5	2018
869	47	5	2018
869	48	5	2018
869	354	5	2018
871	343	5	2020
871	287	5	2020
871	354	5	2020
872	344	5	2016
872	13	5	2016
872	0	5	2016
872	5	5	2016
872	346	5	2016
875	5	5	2019
875	34	5	2019
875	7	5	2019
875	30	5	2019
875	25	5	2019
875	49	5	2019
875	50	5	2019
875	56	5	2019
875	301	5	2019
875	301	5	2019
876	47	5	2018
876	11	5	2018
876	5	5	2018
877	47	5	2018
877	220	5	2018
877	72	5	2018
877	315	5	2018
878	47	5	2020
878	48	5	2020
878	327	5	2020
878	59	5	2020
879	47	5	2020
879	104	5	2020
879	214	5	2020
879	223	5	2020
879	56	5	2020
879	309	5	2020
880	5	5	2019
880	47	5	2019
880	211	5	2019
880	53	5	2019
880	54	5	2019
880	226	5	2019
881	47	5	2019
881	265	5	2019
881	328	5	2019
885	47	5	2017
885	63	5	2017
885	241	5	2017
885	49	5	2017
885	220	5	2017
886	72	5	2019
886	73	5	2019
886	48	5	2019
886	333	5	2019
887	60	5	2020
887	24	5	2020
887	220	5	2020
887	307	5	2020
887	215	5	2020
887	310	5	2020
888	24	5	2017
888	72	5	2017
888	277	5	2017
891	299	5	2020
891	185	5	2020
891	99	5	2020
891	97	5	2020
892	73	5	2020
892	5	5	2020
892	2	5	2020
892	7	5	2020
892	14	5	2020
892	326	5	2020
895	23	5	2020
895	5	5	2020
895	174	5	2020
895	46	5	2020
895	47	5	2020
895	352	5	2020
896	47	5	2018
896	5	5	2018
896	222	5	2018
896	214	5	2018
896	223	5	2018
896	225	5	2018
898	23	5	2018
898	5	5	2018
898	47	5	2018
900	51	5	2020
900	4	5	2020
900	47	5	2020
900	52	5	2020
900	53	5	2020
900	54	5	2020
900	55	5	2020
900	145	5	2020
902	5	5	2018
902	342	5	2018
902	88	5	2018
905	49	5	2019
905	306	5	2019
905	220	5	2019
905	104	5	2019
905	222	5	2019
905	214	5	2019
905	323	5	2019
907	173	5	2021
907	23	5	2021
907	10	5	2021
907	4	5	2021
907	22	5	2021
908	23	5	2017
908	135	5	2017
908	46	5	2017
908	47	5	2017
908	61	5	2017
909	23	5	2020
909	3	5	2020
909	2	5	2020
909	14	5	2020
909	204	5	2020
910	5	5	2017
910	47	5	2017
910	46	5	2017
910	4	5	2017
911	24	5	2018
911	186	5	2018
911	47	5	2018
911	49	5	2018
912	5	5	2019
912	222	5	2019
912	321	5	2019
912	306	5	2019
912	354	5	2019
912	214	5	2019
912	225	5	2019
913	321	5	2021
913	306	5	2021
913	220	5	2021
914	340	5	2020
914	186	5	2020
914	220	5	2020
914	214	5	2020
914	47	5	2020
914	354	5	2020
915	63	5	2021
915	84	5	2021
915	207	5	2021
923	60	5	2017
923	72	5	2017
923	73	5	2017
923	46	5	2017
923	48	5	2017
923	333	5	2017
924	285	5	2020
924	23	5	2020
924	4	5	2020
924	10	5	2020
924	339	5	2020
924	2	5	2020
925	60	5	2019
925	72	5	2019
925	47	5	2019
925	49	5	2019
925	220	5	2019
925	214	5	2019
927	60	5	2020
927	173	5	2020
927	72	5	2020
927	47	5	2020
927	341	5	2020
927	214	5	2020
931	47	5	2019
931	73	5	2019
931	353	5	2019
933	5	5	2020
933	118	5	2020
933	52	5	2020
933	47	5	2020
933	304	5	2020
934	340	5	2019
934	47	5	2019
934	5	5	2019
934	196	5	2019
934	278	5	2019
935	63	5	2020
935	93	5	2020
935	329	5	2020
936	5	5	2020
936	8	5	2020
936	14	5	2020
936	191	5	2020
936	8	5	2020
937	49	5	2021
937	306	5	2021
937	220	5	2021
937	104	5	2021
937	222	5	2021
937	214	5	2021
939	60	5	2019
939	73	5	2019
939	47	5	2019
939	48	5	2019
939	265	5	2019
939	212	5	2019
940	342	5	2021
940	341	5	2021
941	47	5	2020
941	214	5	2020
941	224	5	2020
941	56	5	2020
945	45	5	2021
945	5	5	2021
945	52	5	2021
945	57	5	2021
945	74	5	2021
945	56	5	2021
945	65	5	2021
946	6	5	2020
946	5	5	2020
946	0	5	2020
946	186	5	2020
946	52	5	2020
947	45	5	2022
947	52	5	2022
947	56	5	2022
947	66	5	2022
947	69	5	2022
947	355	5	2022
947	57	5	2022
947	55	5	2022
949	23	5	2021
949	5	5	2021
949	4	5	2021
949	57	5	2021
949	133	5	2021
949	65	5	2021
950	4	5	2021
950	47	5	2021
950	71	5	2021
950	53	5	2021
950	131	5	2021
950	55	5	2021
950	74	5	2021
950	146	5	2021
952	5	5	2022
952	57	5	2022
952	52	5	2022
953	23	5	2021
953	51	5	2021
953	4	5	2021
953	5	5	2021
953	47	5	2021
953	52	5	2021
953	53	5	2021
953	54	5	2021
953	69	5	2021
955	52	5	2022
955	53	5	2022
955	69	5	2022
955	145	5	2022
955	55	5	2022
955	74	5	2022
955	143	5	2022
956	104	5	2022
956	125	5	2022
957	64	5	2022
957	52	5	2022
957	56	5	2022
957	57	5	2022
957	65	5	2022
957	66	5	2022
957	67	5	2022
958	45	5	2022
958	56	5	2022
958	52	5	2022
958	65	5	2022
959	16	5	2022
959	65	5	2022
959	69	5	2022
960	312	5	2022
960	313	5	2022
960	251	5	2022
960	275	5	2022
960	148	5	2022
960	334	5	2022
960	53	5	2022
960	52	5	2022
961	53	5	2022
961	55	5	2022
961	81	5	2022
961	83	5	2022
961	82	5	2022
961	146	5	2022
961	116	5	2022
961	125	5	2022
962	226	5	2021
962	211	5	2021
962	235	5	2021
963	305	5	2022
963	149	5	2022
963	356	5	2022
965	23	5	2021
965	51	5	2021
965	5	5	2021
965	47	5	2021
965	4	5	2021
965	52	5	2021
965	53	5	2021
965	54	5	2021
965	145	5	2021
966	54	5	2022
966	52	5	2022
967	52	5	2022
967	53	5	2022
967	55	5	2022
967	82	5	2022
968	173	5	2022
968	73	5	2022
968	5	5	2022
968	11	5	2022
968	353	5	2022
968	47	5	2022
969	4	5	2022
969	47	5	2022
969	251	5	2022
969	275	5	2022
969	52	5	2022
969	53	5	2022
969	54	5	2022
969	145	5	2022
969	55	5	2022
969	143	5	2022
969	146	5	2022
970	73	5	2022
970	13	5	2022
970	0	5	2022
970	20	5	2022
971	5	5	2022
971	7	5	2022
971	266	5	2022
971	52	5	2022
971	53	5	2022
973	23	5	2021
973	5	5	2021
973	46	5	2021
973	47	5	2021
973	48	5	2021
973	265	5	2021
973	56	5	2021
974	206	5	2021
974	85	5	2021
974	57	5	2021
975	23	5	2021
975	328	5	2021
975	357	5	2021
976	356	5	2021
976	149	5	2021
976	265	5	2021
976	327	5	2021
976	355	5	2021
976	328	5	2021
977	23	5	2022
977	325	5	2022
977	57	5	2022
977	332	5	2022
978	212	5	2022
978	328	5	2022
979	23	5	2021
979	72	5	2021
979	324	5	2021
980	5	5	2022
980	15	5	2022
982	60	5	2022
982	47	5	2022
982	265	5	2022
982	327	5	2022
982	328	5	2022
982	356	5	2022
982	149	5	2022
983	225	5	2022
983	215	5	2022
983	310	5	2022
983	125	5	2022
983	317	5	2022
985	5	5	2019
985	104	5	2019
985	160	5	2019
985	159	5	2019
985	56	5	2019
985	57	5	2019
986	60	5	2019
986	47	5	2019
986	73	5	2019
986	280	5	2019
986	48	5	2019
986	265	5	2019
986	333	5	2019
987	24	5	2018
987	186	5	2018
987	321	5	2018
987	306	5	2018
988	5	5	2021
988	7	5	2021
988	47	5	2021
988	52	5	2021
988	56	5	2021
988	53	5	2021
988	57	5	2021
988	270	5	2021
989	23	5	2019
989	5	5	2019
989	46	5	2019
989	47	5	2019
989	48	5	2019
990	52	5	2021
990	56	5	2021
991	23	5	2020
991	43	5	2020
991	274	5	2020
991	5	5	2020
991	222	5	2020
991	56	5	2020
992	23	5	2021
992	63	5	2021
992	93	5	2021
992	211	5	2021
992	56	5	2021
992	57	5	2021
993	45	5	2021
993	5	5	2021
993	57	5	2021
993	65	5	2021
994	106	5	2021
994	5	5	2021
994	105	5	2021
994	75	5	2021
994	221	5	2021
995	5	5	2022
995	52	5	2022
995	56	5	2022
995	57	5	2022
995	65	5	2022
995	68	5	2022
996	23	5	2019
996	220	5	2019
996	104	5	2019
996	222	5	2019
997	23	5	2021
997	5	5	2021
997	47	5	2021
997	57	5	2021
999	23	5	2022
999	265	5	2022
999	47	5	2022
1000	52	5	2020
1000	57	5	2020
1000	158	5	2020
1002	5	5	2021
1002	7	5	2021
1002	35	5	2021
1002	176	5	2021
1002	181	5	2021
1002	57	5	2021
1002	55	5	2021
1002	352	5	2021
1003	47	5	2020
1003	345	5	2020
1003	306	5	2020
1003	57	5	2020
1003	310	5	2020
1004	46	5	2021
1004	47	5	2021
1004	45	5	2021
1004	328	5	2021
1004	265	5	2021
1005	61	5	2020
1005	47	5	2020
1005	5	5	2020
1005	84	5	2020
1006	308	5	2020
1006	47	5	2020
1006	49	5	2020
1006	52	5	2020
1006	337	5	2020
1006	62	5	2020
1008	47	5	2019
1008	104	5	2019
1008	28	5	2019
1008	267	5	2019
1009	23	5	2021
1009	51	5	2021
1009	4	5	2021
1009	5	5	2021
1009	47	5	2021
1009	52	5	2021
1009	53	5	2021
1009	54	5	2021
1010	5	5	2020
1010	30	5	2020
1010	47	5	2020
1010	61	5	2020
1011	56	5	2020
1011	57	5	2020
1011	66	5	2020
1011	242	5	2020
1011	212	5	2020
1012	60	5	2018
1012	73	5	2018
1012	5	5	2018
1012	47	5	2018
1013	53	5	2021
1013	57	5	2021
1014	46	5	2019
1014	47	5	2019
1014	321	5	2019
1016	46	5	2017
1016	345	5	2017
1016	47	5	2017
1016	49	5	2017
1017	10	5	2021
1017	104	5	2021
1017	221	5	2021
1018	344	5	2019
1018	72	5	2019
1018	5	5	2019
1018	222	5	2019
1018	61	5	2019
1018	73	5	2019
1019	5	5	2020
1019	47	5	2020
1019	267	5	2020
1019	220	5	2020
1019	57	5	2020
1020	23	5	2022
1020	5	5	2022
1020	57	5	2022
1021	52	5	2022
1021	53	5	2022
1021	54	5	2022
1022	23	5	2021
1022	7	5	2021
1022	52	5	2021
1022	115	5	2021
1023	222	5	2021
1023	57	5	2021
1024	23	5	2021
1024	68	5	2021
1024	272	5	2021
1024	65	5	2021
1024	52	5	2021
1026	5	5	2021
1026	104	5	2021
1026	75	5	2021
1026	260	5	2021
1027	24	5	2019
1027	47	5	2019
1027	49	5	2019
1027	56	5	2019
1028	23	5	2021
1028	51	5	2021
1028	65	5	2021
1029	52	5	2020
1029	56	5	2020
1029	57	5	2020
1029	55	5	2020
1029	66	5	2020
1029	47	5	2020
1029	61	5	2020
1029	145	5	2020
1033	23	5	2019
1033	5	5	2019
1033	46	5	2019
1033	47	5	2019
1033	50	5	2019
1033	52	5	2019
1033	54	5	2019
1033	52	5	2019
1033	56	5	2019
1033	57	5	2019
1033	133	5	2019
1034	7	5	2019
1034	47	5	2019
1034	266	5	2019
1034	359	5	2019
1034	56	5	2019
1034	324	5	2019
1035	5	5	2020
1035	79	5	2020
1035	52	5	2020
1035	55	5	2020
1036	60	5	2021
1036	24	5	2021
1036	220	5	2021
1036	222	5	2021
1036	104	5	2021
1036	307	5	2021
1036	215	5	2021
1036	121	5	2021
1037	23	5	2022
1037	4	5	2022
1037	5	5	2022
1037	47	5	2022
1037	52	5	2022
1037	54	5	2022
1037	71	5	2022
1038	5	5	2022
1038	47	5	2022
1038	61	5	2022
1039	5	5	2021
1039	47	5	2021
1039	359	5	2021
1039	56	5	2021
1039	57	5	2021
1039	65	5	2021
1039	74	5	2021
1041	23	5	2020
1041	52	5	2020
1041	56	5	2020
1041	320	5	2020
1041	57	5	2020
1041	71	5	2020
1042	23	5	2020
1042	52	5	2020
1042	57	5	2020
1042	263	5	2020
1042	288	5	2020
1044	5	5	2019
1044	12	5	2019
1044	52	5	2019
1045	60	5	2022
1045	5	5	2022
1045	61	5	2022
1045	56	5	2022
1045	47	5	2022
1045	48	5	2022
1045	52	5	2022
1045	53	5	2022
1046	312	5	2022
1046	313	5	2022
1046	148	5	2022
1046	302	5	2022
1046	53	5	2022
1046	54	5	2022
1046	55	5	2022
1046	81	5	2022
1047	76	5	2021
1047	342	5	2021
1047	63	5	2021
1047	103	5	2021
1047	79	5	2021
1047	87	5	2021
1048	47	5	2021
1048	52	5	2021
1048	248	5	2021
1049	5	5	2022
1049	72	5	2022
1049	4	5	2022
1049	23	5	2022
1049	133	5	2022
1050	23	5	2021
1050	4	5	2021
1051	51	5	2022
1051	251	5	2022
1051	52	5	2022
1051	53	5	2022
1051	54	5	2022
1051	65	5	2022
1051	55	5	2022
1051	146	5	2022
1053	52	5	2021
1053	56	5	2021
1053	57	5	2021
1053	65	5	2021
1053	68	5	2021
1053	138	5	2021
1055	23	5	2022
1055	5	5	2022
1055	43	5	2022
1055	274	5	2022
1055	47	5	2022
1055	88	5	2022
1055	100	5	2022
1055	52	5	2022
1056	275	5	2021
1056	166	5	2021
1056	52	5	2021
1056	251	5	2021
1056	23	5	2021
1057	65	5	2022
1057	334	5	2022
1058	52	5	2022
1058	226	5	2022
1058	214	5	2022
1058	215	5	2022
1058	148	5	2022
1058	57	5	2022
1058	133	5	2022
1058	125	5	2022
1059	24	5	2022
1059	47	5	2022
1059	104	5	2022
1059	214	5	2022
1060	7	5	2021
1060	5	5	2021
1060	47	5	2021
1060	52	5	2021
1060	56	5	2021
1060	54	5	2021
1060	57	5	2021
1060	65	5	2021
1061	23	5	2020
1061	5	5	2020
1061	30	5	2020
1061	47	5	2020
1061	61	5	2020
1062	23	5	2020
1062	7	5	2020
1062	47	5	2020
1062	52	5	2020
1062	56	5	2020
1062	57	5	2020
1062	65	5	2020
1064	126	5	2020
1064	52	5	2020
1064	57	5	2020
1064	65	5	2020
1066	23	5	2022
1066	5	5	2022
1066	47	5	2022
1066	7	5	2022
1066	52	5	2022
1066	56	5	2022
1067	92	5	2021
1067	91	5	2021
1067	77	5	2021
1067	86	5	2021
1067	100	5	2021
1068	23	5	2021
1068	5	5	2021
1068	46	5	2021
1068	47	5	2021
1070	146	5	2022
1070	143	5	2022
1070	53	5	2022
1070	81	5	2022
1071	5	5	2021
1071	50	5	2021
1071	47	5	2021
1071	52	5	2021
1071	53	5	2021
1073	23	5	2022
1073	46	5	2022
1073	50	5	2022
1073	56	5	2022
1073	57	5	2022
1073	65	5	2022
1074	23	5	2021
1074	4	5	2021
1074	52	5	2021
1074	53	5	2021
1074	54	5	2021
1075	5	5	2021
1075	47	5	2021
1075	52	5	2021
1076	5	5	2022
1076	3	5	2022
1076	52	5	2022
1076	53	5	2022
1076	54	5	2022
1078	23	5	2022
1078	7	5	2022
1078	52	5	2022
1078	57	5	2022
1079	222	5	2021
1079	56	5	2021
1080	73	5	2019
1080	7	5	2019
1080	323	5	2019
1080	85	5	2019
1081	235	5	2021
1081	104	5	2021
1081	226	5	2021
1081	211	5	2021
1081	234	5	2021
1081	227	5	2021
1082	152	5	2021
1082	52	5	2021
1082	314	5	2021
1082	23	5	2021
1082	173	5	2021
1083	52	5	2021
1083	57	5	2021
1083	65	5	2021
1083	55	5	2021
1083	66	5	2021
1084	52	5	2021
1084	56	5	2021
1084	57	5	2021
1084	65	5	2021
1084	66	5	2021
1084	67	5	2021
1086	104	5	2021
1086	341	5	2021
1086	342	5	2021
1087	77	5	2012
1087	78	5	2012
1087	79	5	2012
1087	80	5	2012
1087	110	5	2012
1087	259	5	2012
1087	64	5	2012
1088	23	5	2020
1088	5	5	2020
1088	7	5	2020
1088	80	5	2020
1088	52	5	2020
1088	276	5	2020
1088	56	5	2020
1088	57	5	2020
1089	251	5	2021
1089	275	5	2021
1089	148	5	2021
1090	23	5	2019
1090	278	5	2019
1090	24	5	2019
1090	5	5	2019
1090	52	5	2019
1091	275	5	2021
1091	251	5	2021
1091	222	5	2021
1091	53	5	2021
1091	54	5	2021
1091	312	5	2021
1092	62	5	2019
1092	56	5	2019
1092	106	5	2019
1093	23	5	2020
1093	4	5	2020
1093	351	5	2020
1094	88	5	2019
1094	319	5	2019
1094	270	5	2019
1095	222	5	2021
1095	152	5	2021
1095	59	5	2021
1095	266	5	2021
1095	114	5	2021
1097	63	5	2021
1097	77	5	2021
1097	33	5	2021
1097	52	5	2021
1097	211	5	2021
1097	201	5	2021
1098	73	5	2019
1098	5	5	2019
1098	30	5	2019
1098	34	5	2019
1098	165	5	2019
1098	7	5	2019
1099	56	5	2022
1099	66	5	2022
1099	52	5	2022
1099	65	5	2022
1099	67	5	2022
1099	57	5	2022
1103	52	5	2021
1103	56	5	2021
1103	93	5	2021
1104	104	5	2021
1104	211	5	2021
1104	234	5	2021
1106	56	5	2022
1106	71	5	2022
1108	351	5	2021
1108	335	5	2021
1110	5	5	2021
1110	52	5	2021
1110	93	5	2021
1110	77	5	2021
1112	28	5	2021
1112	105	5	2021
1112	220	5	2021
1114	4	5	2021
1114	0	5	2021
1115	23	5	2020
1115	5	5	2020
1115	29	5	2020
1115	14	5	2020
1115	201	5	2020
1117	23	5	2021
1117	51	5	2021
1117	52	5	2021
1117	55	5	2021
1118	100	5	2021
1118	361	5	2021
1118	40	5	2021
1118	3	5	2021
1118	52	5	2021
1118	57	5	2021
1118	55	5	2021
1120	52	5	2020
1120	319	5	2020
1120	318	5	2020
1121	57	5	2022
1121	52	5	2022
1122	157	5	2022
1122	80	5	2022
1122	110	5	2022
1122	57	5	2022
1122	114	5	2022
1123	52	5	2022
1123	314	5	2022
1125	63	5	2021
1125	7	5	2021
1125	52	5	2021
1127	52	5	2022
1127	56	5	2022
1127	57	5	2022
1127	115	5	2022
1127	114	5	2022
1127	79	5	2022
1127	87	5	2022
1127	89	5	2022
1127	90	5	2022
1127	80	5	2022
1128	23	5	2021
1128	312	5	2021
1128	4	5	2021
1128	251	5	2021
1128	275	5	2021
1128	2	5	2021
1128	52	5	2021
1128	65	5	2021
1129	79	5	2022
1129	80	5	2022
1130	362	5	2021
1130	273	5	2021
1130	338	5	2021
1130	80	5	2021
1131	5	5	2021
1131	52	5	2021
1131	56	5	2021
1133	351	5	2021
1133	361	5	2021
1134	7	5	2022
1134	52	5	2022
1134	57	5	2022
1136	5	5	2022
1136	7	5	2022
1136	220	5	2022
1137	76	5	2022
1137	63	5	2022
1137	77	5	2022
1137	89	5	2022
1137	157	5	2022
1137	103	5	2022
1137	79	5	2022
1137	64	5	2022
1137	78	5	2022
1137	80	5	2022
1138	52	5	2022
1138	65	5	2022
1138	125	5	2022
1139	52	5	2022
1139	53	5	2022
1139	54	5	2022
1140	52	5	2022
1140	56	5	2022
1140	57	5	2022
1140	62	5	2022
1140	295	5	2022
1141	23	5	2022
1141	47	5	2022
1142	47	5	2022
1142	52	5	2022
1142	53	5	2022
1142	54	5	2022
1142	55	5	2022
1142	145	5	2022
1142	131	5	2022
1142	74	5	2022
1143	52	5	2022
1143	145	5	2022
1143	170	5	2022
1143	55	5	2022
1143	81	5	2022
1144	23	5	2022
1144	4	5	2022
1144	44	5	2022
1144	5	5	2022
1144	7	5	2022
1144	8	5	2022
1145	23	5	2022
1145	5	5	2022
1145	4	5	2022
1145	52	5	2022
1145	55	5	2022
1145	65	5	2022
1145	138	5	2022
1145	7	5	2022
1145	151	5	2022
1145	338	5	2022
1145	116	5	2022
1145	273	5	2022
1146	7	5	2022
1146	80	5	2022
1146	56	5	2022
1146	52	5	2022
1146	110	5	2022
1146	57	5	2022
1146	112	5	2022
1147	5	5	2022
1147	52	5	2022
1147	56	5	2022
1147	304	5	2022
1147	57	5	2022
1147	66	5	2022
1148	56	5	2022
1148	198	5	2022
1148	53	5	2022
1148	66	5	2022
1149	80	5	2022
1149	57	5	2022
1150	5	5	2022
1150	4	5	2022
1150	52	5	2022
1150	57	5	2022
1150	65	5	2022
1150	251	5	2022
1151	135	5	2022
1151	104	5	2022
1152	5	5	2022
1152	56	5	2022
1152	57	5	2022
1152	65	5	2022
1152	68	5	2022
1152	113	5	2022
1152	138	5	2022
1153	20	5	2022
1153	52	5	2022
1153	4	5	2022
1153	23	5	2022
1153	313	5	2022
1154	5	5	2022
1154	44	5	2022
1154	40	5	2022
1154	7	5	2022
1154	52	5	2022
1154	54	5	2022
1155	47	5	2022
1155	50	5	2022
1155	52	5	2022
1155	56	5	2022
1155	215	5	2022
1155	65	5	2022
1155	57	5	2022
1156	311	5	2022
1156	128	5	2022
1156	125	5	2022
1156	30	5	2022
1156	35	5	2022
1157	47	5	2022
1157	5	5	2022
1157	220	5	2022
1157	222	5	2022
1157	214	5	2022
1157	57	5	2022
1157	47	5	2022
1158	52	5	2022
1158	54	5	2022
1159	77	5	2022
1159	70	5	2022
1160	186	5	2022
1160	181	5	2022
1163	5	5	2022
1163	104	5	2022
1163	105	5	2022
1163	7	5	2022
1163	106	5	2022
1163	107	5	2022
1163	108	5	2022
1165	23	5	2022
1165	44	5	2022
1165	63	5	2022
1165	105	5	2022
1165	206	5	2022
1165	359	5	2022
1165	100	5	2022
1166	56	5	2022
1166	71	5	2022
1166	52	5	2022
1166	57	5	2022
1166	272	5	2022
1167	265	5	2022
1167	336	5	2022
1167	53	5	2022
1167	212	5	2022
1167	62	5	2022
1167	57	5	2022
1167	65	5	2022
1167	125	5	2022
1168	52	5	2022
1168	56	5	2022
1168	57	5	2022
1168	138	5	2022
1168	332	5	2022
1168	244	5	2022
1169	52	5	2022
1169	56	5	2022
1169	57	5	2022
1169	68	5	2022
1170	14	5	2022
1170	15	5	2022
1170	57	5	2022
1170	125	5	2022
1170	227	5	2022
1173	341	5	2022
1173	342	5	2022
1173	28	5	2022
1174	338	5	2022
1174	362	5	2022
1174	151	5	2022
1174	177	5	2022
1175	47	5	2022
1175	52	5	2022
1175	57	5	2022
1175	55	5	2022
1175	74	5	2022
1176	23	5	2022
1176	52	5	2022
1176	56	5	2022
1177	52	5	2022
1177	56	5	2022
1177	71	5	2022
1178	52	5	2022
1178	65	5	2022
1178	125	5	2022
1179	23	5	2022
1179	5	5	2022
1179	55	5	2022
1179	52	5	2022
1181	44	5	2022
1181	77	5	2022
1181	80	5	2022
1181	110	5	2022
1182	52	5	2022
1182	56	5	2022
1182	115	5	2022
1182	80	5	2022
1182	110	5	2022
1182	298	5	2022
1182	87	5	2022
1182	64	5	2022
1183	52	5	2022
1183	57	5	2022
1183	214	5	2022
1183	215	5	2022
1183	317	5	2022
1184	47	5	2022
1184	52	5	2022
1184	53	5	2022
1184	57	5	2022
1185	52	5	2022
1185	106	5	2022
1185	56	5	2022
1185	110	5	2022
1186	23	5	2022
1186	52	5	2022
1187	71	5	2022
1187	53	5	2022
1187	55	5	2022
1187	74	5	2022
1187	83	5	2022
1187	82	5	2022
1187	81	5	2022
1187	293	5	2022
1188	23	5	2022
1188	15	5	2022
1188	55	5	2022
1188	57	5	2022
1190	4	5	2022
1190	5	5	2022
1190	7	5	2022
1190	15	5	2022
1190	247	5	2022
1190	7	5	2022
1190	151	5	2022
1190	52	5	2022
1190	248	5	2022
1190	35	5	2022
1190	226	5	2022
1190	331	5	2022
1191	222	5	2022
1191	56	5	2022
1191	71	5	2022
1192	57	5	2022
1192	65	5	2022
1192	67	5	2022
1192	68	5	2022
1194	23	5	2022
1194	47	5	2022
1194	52	5	2022
1194	57	5	2022
1194	65	5	2022
1194	67	5	2022
1194	360	5	2022
1195	55	5	2022
1195	53	5	2022
1198	56	5	2022
1198	52	5	2022
1198	57	5	2022
1200	47	5	2022
1200	61	5	2022
1200	52	5	2022
1200	53	5	2022
1200	66	5	2022
1200	57	5	2022
1200	55	5	2022
1200	74	5	2022
1201	52	5	2020
1202	52	5	2020
1202	57	5	2020
1202	65	5	2020
1203	52	5	2020
1203	57	5	2020
1203	65	5	2020
1203	125	5	2020
1204	27	5	2020
1205	15	5	2020
1206	69	5	2020
1207	96	5	2020
1208	125	5	2020
